Participant #,Time,Group,Survey,Response,Question
1,Pre,Experimental,FACES,2,1
1,Pre,Experimental,FACES,5,2
1,Pre,Experimental,FACES,5,3
1,Pre,Experimental,FACES,5,4
1,Pre,Experimental,FACES,5,5
1,Pre,Experimental,FACES,2,6
1,Pre,Experimental,FACES,5,7
1,Pre,Experimental,AKS,3,1
1,Pre,Experimental,AKS,1,2
1,Pre,Experimental,AKS,1,3
1,Pre,Experimental,AKS,5,4
1,Pre,Experimental,AKS,1,5
1,Pre,Experimental,AKS,4,6
1,Pre,Experimental,AKS,1,7
1,Pre,Experimental,AKS,5,8
1,Pre,Experimental,AKS,4,9
1,Pre,Experimental,AKS,1,10
1,Pre,Experimental,AKS,3,11
1,Pre,Experimental,AKS,2,12
1,Pre,Experimental,AKS,5,13
1,Pre,Experimental,AKS,1,14
1,Pre,Experimental,AKS,1,15
1,Pre,Experimental,AKS,1,16
1,Pre,Experimental,AKS,5,17
1,Pre,Experimental,AKS,4,18
1,Pre,Experimental,AKS,1,19
1,Pre,Experimental,AKS,1,20
1,Pre,Experimental,AKS,3,21
1,Pre,Experimental,FES,5,1
1,Pre,Experimental,FES,5,2
1,Pre,Experimental,FES,3,3
1,Pre,Experimental,FES,3,4
1,Pre,Experimental,FES,5,5
1,Pre,Experimental,FES,5,6
1,Pre,Experimental,FES,5,7
1,Pre,Experimental,FES,5,8
1,Pre,Experimental,FES,5,9
1,Pre,Experimental,FES,5,10
1,Pre,Experimental,FES,5,11
1,Pre,Experimental,FES,5,12
1,Pre,Experimental,FES,5,13
1,Pre,Experimental,FES,3,14
1,Pre,Experimental,FES,5,15
1,Pre,Experimental,FES,5,16
1,Pre,Experimental,FES,3,17
1,Pre,Experimental,FES,5,18
1,Pre,Experimental,FES,5,19
1,Pre,Experimental,FES,4,20
1,Pre,Experimental,FES,4,21
1,Pre,Experimental,FES,1,22
1,Pre,Experimental,FES,5,23
1,Pre,Experimental,FES,2,24
1,Pre,Experimental,FES,5,25
1,Pre,Experimental,FES,5,26
1,Pre,Experimental,FES,5,27
1,Pre,Experimental,FES,5,28
1,Pre,Experimental,FES,5,29
1,Pre,Experimental,FES,5,30
1,Pre,Experimental,FES,5,31
1,Pre,Experimental,FES,5,32
1,Pre,Experimental,FES,5,33
1,Pre,Experimental,FES,5,34
1,Pre,Experimental,SCS,4,1
1,Pre,Experimental,SCS,4,2
1,Pre,Experimental,SCS,4,3
1,Pre,Experimental,SCS,4,4
1,Pre,Experimental,SCS,4,5
1,Pre,Experimental,SCS,4,6
1,Pre,Experimental,SCS,4,7
1,Pre,Experimental,FPPS,5,1
1,Pre,Experimental,FPPS,5,2
1,Pre,Experimental,FPPS,5,3
1,Pre,Experimental,FPPS,5,4
1,Pre,Experimental,FPPS,5,5
1,Pre,Experimental,FPPS,5,6
1,Pre,Experimental,FPPS,5,7
1,Pre,Experimental,FPPS,5,8
1,Pre,Experimental,FPPS,5,9
1,Pre,Experimental,FPPS,5,10
1,Pre,Experimental,FPPS,5,11
1,Pre,Experimental,FPPS,5,12
1,Pre,Experimental,FPPS,5,13
1,Pre,Experimental,FPPS,5,14
1,Pre,Experimental,FPPS,5,15
1,Pre,Experimental,FPPS,5,16
1,Pre,Experimental,FPPS,5,17
1,Pre,Experimental,FPPS,5,18
1,Pre,Experimental,SEAS,2,1
1,Pre,Experimental,SEAS,5,2
1,Pre,Experimental,SEAS,5,3
1,Pre,Experimental,SEAS,5,4
1,Pre,Experimental,SEAS,5,5
1,Pre,Experimental,SEAS,4,6
1,Pre,Experimental,SEAS,5,7
1,Pre,Experimental,SEAS,5,8
1,Pre,Experimental,SEAS,5,9
1,Pre,Experimental,SEAS,5,10
2,Pre,Experimental,FACES,2,1
2,Pre,Experimental,FACES,4,2
2,Pre,Experimental,FACES,4,3
2,Pre,Experimental,FACES,3,4
2,Pre,Experimental,FACES,3,5
2,Pre,Experimental,FACES,4,6
2,Pre,Experimental,FACES,3,7
2,Pre,Experimental,AKS,2,1
2,Pre,Experimental,AKS,1,2
2,Pre,Experimental,AKS,1,3
2,Pre,Experimental,AKS,5,4
2,Pre,Experimental,AKS,1,5
2,Pre,Experimental,AKS,3,6
2,Pre,Experimental,AKS,1,7
2,Pre,Experimental,AKS,5,8
2,Pre,Experimental,AKS,1,9
2,Pre,Experimental,AKS,1,10
2,Pre,Experimental,AKS,1,11
2,Pre,Experimental,AKS,5,12
2,Pre,Experimental,AKS,3,13
2,Pre,Experimental,AKS,1,14
2,Pre,Experimental,AKS,3,15
2,Pre,Experimental,AKS,1,16
2,Pre,Experimental,AKS,3,17
2,Pre,Experimental,AKS,1,18
2,Pre,Experimental,AKS,1,19
2,Pre,Experimental,AKS,2,20
2,Pre,Experimental,AKS,5,21
2,Pre,Experimental,FES,5,1
2,Pre,Experimental,FES,4,2
2,Pre,Experimental,FES,4,3
2,Pre,Experimental,FES,4,4
2,Pre,Experimental,FES,4,5
2,Pre,Experimental,FES,4,6
2,Pre,Experimental,FES,4,7
2,Pre,Experimental,FES,1,8
2,Pre,Experimental,FES,1,9
2,Pre,Experimental,FES,4,10
2,Pre,Experimental,FES,4,11
2,Pre,Experimental,FES,5,12
2,Pre,Experimental,FES,5,13
2,Pre,Experimental,FES,4,14
2,Pre,Experimental,FES,3,15
2,Pre,Experimental,FES,4,16
2,Pre,Experimental,FES,5,17
2,Pre,Experimental,FES,5,18
2,Pre,Experimental,FES,4,19
2,Pre,Experimental,FES,4,20
2,Pre,Experimental,FES,4,21
2,Pre,Experimental,FES,1,22
2,Pre,Experimental,FES,3,23
2,Pre,Experimental,FES,3,24
2,Pre,Experimental,FES,4,25
2,Pre,Experimental,FES,2,26
2,Pre,Experimental,FES,4,27
2,Pre,Experimental,FES,4,28
2,Pre,Experimental,FES,4,29
2,Pre,Experimental,FES,4,30
2,Pre,Experimental,FES,4,31
2,Pre,Experimental,FES,5,32
2,Pre,Experimental,FES,3,33
2,Pre,Experimental,FES,3,34
2,Pre,Experimental,SCS,4,1
2,Pre,Experimental,SCS,4,2
2,Pre,Experimental,SCS,4,3
2,Pre,Experimental,SCS,4,4
2,Pre,Experimental,SCS,4,5
2,Pre,Experimental,SCS,2,6
2,Pre,Experimental,SCS,3,7
2,Pre,Experimental,FPPS,4,1
2,Pre,Experimental,FPPS,4,2
2,Pre,Experimental,FPPS,4,3
2,Pre,Experimental,FPPS,4,4
2,Pre,Experimental,FPPS,4,5
2,Pre,Experimental,FPPS,4,6
2,Pre,Experimental,FPPS,4,7
2,Pre,Experimental,FPPS,4,8
2,Pre,Experimental,FPPS,4,9
2,Pre,Experimental,FPPS,4,10
2,Pre,Experimental,FPPS,4,11
2,Pre,Experimental,FPPS,4,12
2,Pre,Experimental,FPPS,4,13
2,Pre,Experimental,FPPS,4,14
2,Pre,Experimental,FPPS,4,15
2,Pre,Experimental,FPPS,4,16
2,Pre,Experimental,FPPS,4,17
2,Pre,Experimental,FPPS,4,18
2,Pre,Experimental,SEAS,3,1
2,Pre,Experimental,SEAS,3,2
2,Pre,Experimental,SEAS,3,3
2,Pre,Experimental,SEAS,2,4
2,Pre,Experimental,SEAS,3,5
2,Pre,Experimental,SEAS,4,6
2,Pre,Experimental,SEAS,4,7
2,Pre,Experimental,SEAS,4,8
2,Pre,Experimental,SEAS,4,9
2,Pre,Experimental,SEAS,4,10
3,Pre,Experimental,FACES,1,1
3,Pre,Experimental,FACES,5,2
3,Pre,Experimental,FACES,5,3
3,Pre,Experimental,FACES,3,4
3,Pre,Experimental,FACES,2,5
3,Pre,Experimental,FACES,2,6
3,Pre,Experimental,FACES,5,7
3,Pre,Experimental,AKS,5,1
3,Pre,Experimental,AKS,1,2
3,Pre,Experimental,AKS,1,3
3,Pre,Experimental,AKS,5,4
3,Pre,Experimental,AKS,1,5
3,Pre,Experimental,AKS,3,6
3,Pre,Experimental,AKS,3,7
3,Pre,Experimental,AKS,5,8
3,Pre,Experimental,AKS,1,9
3,Pre,Experimental,AKS,1,10
3,Pre,Experimental,AKS,1,11
3,Pre,Experimental,AKS,5,12
3,Pre,Experimental,AKS,3,13
3,Pre,Experimental,AKS,3,14
3,Pre,Experimental,AKS,3,15
3,Pre,Experimental,AKS,3,16
3,Pre,Experimental,AKS,3,17
3,Pre,Experimental,AKS,3,18
3,Pre,Experimental,AKS,3,19
3,Pre,Experimental,AKS,3,20
3,Pre,Experimental,AKS,3,21
3,Pre,Experimental,FES,5,1
3,Pre,Experimental,FES,5,2
3,Pre,Experimental,FES,5,3
3,Pre,Experimental,FES,5,4
3,Pre,Experimental,FES,5,5
3,Pre,Experimental,FES,5,6
3,Pre,Experimental,FES,5,7
3,Pre,Experimental,FES,5,8
3,Pre,Experimental,FES,5,9
3,Pre,Experimental,FES,1,10
3,Pre,Experimental,FES,3,11
3,Pre,Experimental,FES,5,12
3,Pre,Experimental,FES,5,13
3,Pre,Experimental,FES,5,14
3,Pre,Experimental,FES,5,15
3,Pre,Experimental,FES,5,16
3,Pre,Experimental,FES,5,17
3,Pre,Experimental,FES,5,18
3,Pre,Experimental,FES,5,19
3,Pre,Experimental,FES,1,20
3,Pre,Experimental,FES,5,21
3,Pre,Experimental,FES,1,22
3,Pre,Experimental,FES,3,23
3,Pre,Experimental,FES,3,24
3,Pre,Experimental,FES,4,25
3,Pre,Experimental,FES,5,26
3,Pre,Experimental,FES,5,27
3,Pre,Experimental,FES,5,28
3,Pre,Experimental,FES,5,29
3,Pre,Experimental,FES,3,30
3,Pre,Experimental,FES,4,31
3,Pre,Experimental,FES,5,32
3,Pre,Experimental,FES,3,33
3,Pre,Experimental,FES,5,34
3,Pre,Experimental,SCS,4,1
3,Pre,Experimental,SCS,4,2
3,Pre,Experimental,SCS,3,3
3,Pre,Experimental,SCS,5,4
3,Pre,Experimental,SCS,5,5
3,Pre,Experimental,SCS,4,6
3,Pre,Experimental,SCS,4,7
3,Pre,Experimental,FPPS,5,1
3,Pre,Experimental,FPPS,5,2
3,Pre,Experimental,FPPS,4,3
3,Pre,Experimental,FPPS,5,4
3,Pre,Experimental,FPPS,5,5
3,Pre,Experimental,FPPS,5,6
3,Pre,Experimental,FPPS,5,7
3,Pre,Experimental,FPPS,5,8
3,Pre,Experimental,FPPS,5,9
3,Pre,Experimental,FPPS,5,10
3,Pre,Experimental,FPPS,5,11
3,Pre,Experimental,FPPS,5,12
3,Pre,Experimental,FPPS,5,13
3,Pre,Experimental,FPPS,5,14
3,Pre,Experimental,FPPS,5,15
3,Pre,Experimental,FPPS,5,16
3,Pre,Experimental,FPPS,5,17
3,Pre,Experimental,FPPS,5,18
3,Pre,Experimental,SEAS,2,1
3,Pre,Experimental,SEAS,2,2
3,Pre,Experimental,SEAS,3,3
3,Pre,Experimental,SEAS,5,4
3,Pre,Experimental,SEAS,5,5
3,Pre,Experimental,SEAS,5,6
3,Pre,Experimental,SEAS,4,7
3,Pre,Experimental,SEAS,5,8
3,Pre,Experimental,SEAS,5,9
3,Pre,Experimental,SEAS,5,10
4,Pre,Experimental,FACES,1,1
4,Pre,Experimental,FACES,5,2
4,Pre,Experimental,FACES,4,3
4,Pre,Experimental,FACES,4,4
4,Pre,Experimental,FACES,4,5
4,Pre,Experimental,FACES,3,6
4,Pre,Experimental,FACES,5,7
4,Pre,Experimental,AKS,3,1
4,Pre,Experimental,AKS,1,2
4,Pre,Experimental,AKS,1,3
4,Pre,Experimental,AKS,1,4
4,Pre,Experimental,AKS,1,5
4,Pre,Experimental,AKS,4,6
4,Pre,Experimental,AKS,1,7
4,Pre,Experimental,AKS,5,8
4,Pre,Experimental,AKS,1,9
4,Pre,Experimental,AKS,1,10
4,Pre,Experimental,AKS,1,11
4,Pre,Experimental,AKS,3,12
4,Pre,Experimental,AKS,4,13
4,Pre,Experimental,AKS,1,14
4,Pre,Experimental,AKS,3,15
4,Pre,Experimental,AKS,2,16
4,Pre,Experimental,AKS,1,17
4,Pre,Experimental,AKS,1,18
4,Pre,Experimental,AKS,1,19
4,Pre,Experimental,AKS,4,20
4,Pre,Experimental,AKS,1,21
4,Pre,Experimental,FES,5,1
4,Pre,Experimental,FES,3,2
4,Pre,Experimental,FES,4,3
4,Pre,Experimental,FES,5,4
4,Pre,Experimental,FES,3,5
4,Pre,Experimental,FES,5,6
4,Pre,Experimental,FES,4,7
4,Pre,Experimental,FES,1,8
4,Pre,Experimental,FES,4,9
4,Pre,Experimental,FES,1,10
4,Pre,Experimental,FES,5,11
4,Pre,Experimental,FES,5,12
4,Pre,Experimental,FES,5,13
4,Pre,Experimental,FES,3,14
4,Pre,Experimental,FES,1,15
4,Pre,Experimental,FES,3,16
4,Pre,Experimental,FES,5,17
4,Pre,Experimental,FES,5,18
4,Pre,Experimental,FES,5,19
4,Pre,Experimental,FES,5,20
4,Pre,Experimental,FES,5,21
4,Pre,Experimental,FES,2,22
4,Pre,Experimental,FES,4,23
4,Pre,Experimental,FES,3,24
4,Pre,Experimental,FES,5,25
4,Pre,Experimental,FES,3,26
4,Pre,Experimental,FES,4,27
4,Pre,Experimental,FES,5,28
4,Pre,Experimental,FES,5,29
4,Pre,Experimental,FES,5,30
4,Pre,Experimental,FES,5,31
4,Pre,Experimental,FES,3,32
4,Pre,Experimental,FES,5,33
4,Pre,Experimental,FES,5,34
4,Pre,Experimental,SCS,5,1
4,Pre,Experimental,SCS,5,2
4,Pre,Experimental,SCS,5,3
4,Pre,Experimental,SCS,4,4
4,Pre,Experimental,SCS,5,5
4,Pre,Experimental,SCS,5,6
4,Pre,Experimental,SCS,4,7
4,Pre,Experimental,FPPS,4,1
4,Pre,Experimental,FPPS,5,2
4,Pre,Experimental,FPPS,5,3
4,Pre,Experimental,FPPS,5,4
4,Pre,Experimental,FPPS,5,5
4,Pre,Experimental,FPPS,5,6
4,Pre,Experimental,FPPS,5,7
4,Pre,Experimental,FPPS,5,8
4,Pre,Experimental,FPPS,5,9
4,Pre,Experimental,FPPS,5,10
4,Pre,Experimental,FPPS,5,11
4,Pre,Experimental,FPPS,5,12
4,Pre,Experimental,FPPS,5,13
4,Pre,Experimental,FPPS,5,14
4,Pre,Experimental,FPPS,5,15
4,Pre,Experimental,FPPS,5,16
4,Pre,Experimental,FPPS,5,17
4,Pre,Experimental,FPPS,5,18
4,Pre,Experimental,SEAS,2,1
4,Pre,Experimental,SEAS,2,2
4,Pre,Experimental,SEAS,2,3
4,Pre,Experimental,SEAS,4,4
4,Pre,Experimental,SEAS,5,5
4,Pre,Experimental,SEAS,5,6
4,Pre,Experimental,SEAS,5,7
4,Pre,Experimental,SEAS,5,8
4,Pre,Experimental,SEAS,5,9
4,Pre,Experimental,SEAS,5,10
5,Pre,Experimental,FACES,2,1
5,Pre,Experimental,FACES,3,2
5,Pre,Experimental,FACES,4,3
5,Pre,Experimental,FACES,2,4
5,Pre,Experimental,FACES,2,5
5,Pre,Experimental,FACES,3,6
5,Pre,Experimental,FACES,2,7
5,Pre,Experimental,AKS,5,1
5,Pre,Experimental,AKS,3,2
5,Pre,Experimental,AKS,2,3
5,Pre,Experimental,AKS,3,4
5,Pre,Experimental,AKS,1,5
5,Pre,Experimental,AKS,4,6
5,Pre,Experimental,AKS,3,7
5,Pre,Experimental,AKS,5,8
5,Pre,Experimental,AKS,1,9
5,Pre,Experimental,AKS,1,10
5,Pre,Experimental,AKS,1,11
5,Pre,Experimental,AKS,4,12
5,Pre,Experimental,AKS,3,13
5,Pre,Experimental,AKS,1,14
5,Pre,Experimental,AKS,3,15
5,Pre,Experimental,AKS,3,16
5,Pre,Experimental,AKS,2,17
5,Pre,Experimental,AKS,1,18
5,Pre,Experimental,AKS,3,19
5,Pre,Experimental,AKS,3,20
5,Pre,Experimental,AKS,3,21
5,Pre,Experimental,FES,4,1
5,Pre,Experimental,FES,3,2
5,Pre,Experimental,FES,3,3
5,Pre,Experimental,FES,3,4
5,Pre,Experimental,FES,2,5
5,Pre,Experimental,FES,2,6
5,Pre,Experimental,FES,3,7
5,Pre,Experimental,FES,1,8
5,Pre,Experimental,FES,2,9
5,Pre,Experimental,FES,2,10
5,Pre,Experimental,FES,2,11
5,Pre,Experimental,FES,3,12
5,Pre,Experimental,FES,2,13
5,Pre,Experimental,FES,3,14
5,Pre,Experimental,FES,1,15
5,Pre,Experimental,FES,2,16
5,Pre,Experimental,FES,3,17
5,Pre,Experimental,FES,3,18
5,Pre,Experimental,FES,3,19
5,Pre,Experimental,FES,3,20
5,Pre,Experimental,FES,2,21
5,Pre,Experimental,FES,2,22
5,Pre,Experimental,FES,1,23
5,Pre,Experimental,FES,3,24
5,Pre,Experimental,FES,3,25
5,Pre,Experimental,FES,1,26
5,Pre,Experimental,FES,3,27
5,Pre,Experimental,FES,3,28
5,Pre,Experimental,FES,3,29
5,Pre,Experimental,FES,3,30
5,Pre,Experimental,FES,3,31
5,Pre,Experimental,FES,4,32
5,Pre,Experimental,FES,3,33
5,Pre,Experimental,FES,3,34
5,Pre,Experimental,SCS,2,1
5,Pre,Experimental,SCS,2,2
5,Pre,Experimental,SCS,2,3
5,Pre,Experimental,SCS,2,4
5,Pre,Experimental,SCS,4,5
5,Pre,Experimental,SCS,3,6
5,Pre,Experimental,SCS,2,7
5,Pre,Experimental,FPPS,4,1
5,Pre,Experimental,FPPS,2,2
5,Pre,Experimental,FPPS,3,3
5,Pre,Experimental,FPPS,3,4
5,Pre,Experimental,FPPS,4,5
5,Pre,Experimental,FPPS,4,6
5,Pre,Experimental,FPPS,4,7
5,Pre,Experimental,FPPS,4,8
5,Pre,Experimental,FPPS,4,9
5,Pre,Experimental,FPPS,3,10
5,Pre,Experimental,FPPS,4,11
5,Pre,Experimental,FPPS,3,12
5,Pre,Experimental,FPPS,3,13
5,Pre,Experimental,FPPS,4,14
5,Pre,Experimental,FPPS,4,15
5,Pre,Experimental,FPPS,4,16
5,Pre,Experimental,FPPS,4,17
5,Pre,Experimental,FPPS,4,18
5,Pre,Experimental,SEAS,2,1
5,Pre,Experimental,SEAS,2,2
5,Pre,Experimental,SEAS,2,3
5,Pre,Experimental,SEAS,2,4
5,Pre,Experimental,SEAS,2,5
5,Pre,Experimental,SEAS,2,6
5,Pre,Experimental,SEAS,2,7
5,Pre,Experimental,SEAS,3,8
5,Pre,Experimental,SEAS,3,9
5,Pre,Experimental,SEAS,2,10
6,Pre,Experimental,FACES,4,1
6,Pre,Experimental,FACES,4,2
6,Pre,Experimental,FACES,5,3
6,Pre,Experimental,FACES,4,4
6,Pre,Experimental,FACES,4,5
6,Pre,Experimental,FACES,4,6
6,Pre,Experimental,FACES,4,7
6,Pre,Experimental,AKS,5,1
6,Pre,Experimental,AKS,2,2
6,Pre,Experimental,AKS,1,3
6,Pre,Experimental,AKS,5,4
6,Pre,Experimental,AKS,1,5
6,Pre,Experimental,AKS,5,6
6,Pre,Experimental,AKS,3,7
6,Pre,Experimental,AKS,4,8
6,Pre,Experimental,AKS,1,9
6,Pre,Experimental,AKS,3,10
6,Pre,Experimental,AKS,1,11
6,Pre,Experimental,AKS,2,12
6,Pre,Experimental,AKS,2,13
6,Pre,Experimental,AKS,1,14
6,Pre,Experimental,AKS,4,15
6,Pre,Experimental,AKS,2,16
6,Pre,Experimental,AKS,3,17
6,Pre,Experimental,AKS,3,18
6,Pre,Experimental,AKS,4,19
6,Pre,Experimental,AKS,4,20
6,Pre,Experimental,AKS,3,21
6,Pre,Experimental,FES,5,1
6,Pre,Experimental,FES,4,2
6,Pre,Experimental,FES,5,3
6,Pre,Experimental,FES,5,4
6,Pre,Experimental,FES,3,5
6,Pre,Experimental,FES,4,6
6,Pre,Experimental,FES,3,7
6,Pre,Experimental,FES,1,8
6,Pre,Experimental,FES,4,9
6,Pre,Experimental,FES,2,10
6,Pre,Experimental,FES,3,11
6,Pre,Experimental,FES,4,12
6,Pre,Experimental,FES,5,13
6,Pre,Experimental,FES,3,14
6,Pre,Experimental,FES,3,15
6,Pre,Experimental,FES,5,16
6,Pre,Experimental,FES,5,17
6,Pre,Experimental,FES,5,18
6,Pre,Experimental,FES,5,19
6,Pre,Experimental,FES,3,20
6,Pre,Experimental,FES,4,21
6,Pre,Experimental,FES,3,22
6,Pre,Experimental,FES,3,23
6,Pre,Experimental,FES,3,24
6,Pre,Experimental,FES,5,25
6,Pre,Experimental,FES,3,26
6,Pre,Experimental,FES,5,27
6,Pre,Experimental,FES,5,28
6,Pre,Experimental,FES,5,29
6,Pre,Experimental,FES,3,30
6,Pre,Experimental,FES,4,31
6,Pre,Experimental,FES,4,32
6,Pre,Experimental,FES,4,33
6,Pre,Experimental,FES,5,34
8,Pre,Experimental,FACES,4,1
8,Pre,Experimental,FACES,5,2
8,Pre,Experimental,FACES,5,3
8,Pre,Experimental,FACES,4,4
8,Pre,Experimental,FACES,4,5
8,Pre,Experimental,FACES,2,6
8,Pre,Experimental,FACES,5,7
8,Pre,Experimental,AKS,5,1
8,Pre,Experimental,AKS,2,2
8,Pre,Experimental,AKS,1,3
8,Pre,Experimental,AKS,5,4
8,Pre,Experimental,AKS,1,5
8,Pre,Experimental,AKS,1,6
8,Pre,Experimental,AKS,1,7
8,Pre,Experimental,AKS,3,8
8,Pre,Experimental,AKS,3,9
8,Pre,Experimental,AKS,2,10
8,Pre,Experimental,AKS,3,11
8,Pre,Experimental,AKS,4,12
8,Pre,Experimental,AKS,4,13
8,Pre,Experimental,AKS,1,14
8,Pre,Experimental,AKS,5,15
8,Pre,Experimental,AKS,1,16
8,Pre,Experimental,AKS,5,17
8,Pre,Experimental,AKS,2,18
8,Pre,Experimental,AKS,1,19
8,Pre,Experimental,AKS,2,20
8,Pre,Experimental,AKS,3,21
8,Pre,Experimental,FES,5,1
8,Pre,Experimental,FES,4,2
8,Pre,Experimental,FES,5,3
8,Pre,Experimental,FES,5,4
8,Pre,Experimental,FES,5,5
8,Pre,Experimental,FES,5,6
8,Pre,Experimental,FES,5,7
8,Pre,Experimental,FES,4,8
8,Pre,Experimental,FES,5,9
8,Pre,Experimental,FES,3,10
8,Pre,Experimental,FES,5,11
8,Pre,Experimental,FES,5,12
8,Pre,Experimental,FES,5,13
8,Pre,Experimental,FES,5,14
8,Pre,Experimental,FES,3,15
8,Pre,Experimental,FES,5,16
8,Pre,Experimental,FES,5,17
8,Pre,Experimental,FES,5,18
8,Pre,Experimental,FES,5,19
8,Pre,Experimental,FES,4,20
8,Pre,Experimental,FES,3,21
8,Pre,Experimental,FES,4,22
8,Pre,Experimental,FES,5,23
8,Pre,Experimental,FES,4,24
8,Pre,Experimental,FES,5,25
8,Pre,Experimental,FES,5,26
8,Pre,Experimental,FES,4,27
8,Pre,Experimental,FES,5,28
8,Pre,Experimental,FES,5,29
8,Pre,Experimental,FES,4,30
8,Pre,Experimental,FES,5,31
8,Pre,Experimental,FES,5,32
8,Pre,Experimental,FES,4,33
8,Pre,Experimental,FES,5,34
9,Pre,Experimental,FACES,5,1
9,Pre,Experimental,FACES,2,2
9,Pre,Experimental,FACES,2,3
9,Pre,Experimental,FACES,4,4
9,Pre,Experimental,FACES,3,5
9,Pre,Experimental,FACES,5,6
9,Pre,Experimental,FACES,5,7
9,Pre,Experimental,AKS,5,1
9,Pre,Experimental,AKS,2,2
9,Pre,Experimental,AKS,2,3
9,Pre,Experimental,AKS,5,4
9,Pre,Experimental,AKS,1,5
9,Pre,Experimental,AKS,3,6
9,Pre,Experimental,AKS,1,7
9,Pre,Experimental,AKS,5,8
9,Pre,Experimental,AKS,5,9
9,Pre,Experimental,AKS,1,10
9,Pre,Experimental,AKS,1,11
9,Pre,Experimental,AKS,5,12
9,Pre,Experimental,AKS,5,13
9,Pre,Experimental,AKS,1,14
9,Pre,Experimental,AKS,3,15
9,Pre,Experimental,AKS,3,16
9,Pre,Experimental,AKS,5,17
9,Pre,Experimental,AKS,1,18
9,Pre,Experimental,AKS,1,19
9,Pre,Experimental,AKS,5,20
9,Pre,Experimental,AKS,3,21
9,Pre,Experimental,FES,5,1
9,Pre,Experimental,FES,5,2
9,Pre,Experimental,FES,5,3
9,Pre,Experimental,FES,5,4
9,Pre,Experimental,FES,4,5
9,Pre,Experimental,FES,5,6
9,Pre,Experimental,FES,4,7
9,Pre,Experimental,FES,3,8
9,Pre,Experimental,FES,5,9
9,Pre,Experimental,FES,3,10
9,Pre,Experimental,FES,5,11
9,Pre,Experimental,FES,5,12
9,Pre,Experimental,FES,5,13
9,Pre,Experimental,FES,3,14
9,Pre,Experimental,FES,3,15
9,Pre,Experimental,FES,3,16
9,Pre,Experimental,FES,5,17
9,Pre,Experimental,FES,5,18
9,Pre,Experimental,FES,5,19
9,Pre,Experimental,FES,5,20
9,Pre,Experimental,FES,3,21
9,Pre,Experimental,FES,3,22
9,Pre,Experimental,FES,3,23
9,Pre,Experimental,FES,4,24
9,Pre,Experimental,FES,4,25
9,Pre,Experimental,FES,5,26
9,Pre,Experimental,FES,5,27
9,Pre,Experimental,FES,5,28
9,Pre,Experimental,FES,5,29
9,Pre,Experimental,FES,4,30
9,Pre,Experimental,FES,5,31
9,Pre,Experimental,FES,5,32
9,Pre,Experimental,FES,5,33
9,Pre,Experimental,FES,5,34
9,Pre,Experimental,SCS,4,1
9,Pre,Experimental,SCS,3,2
9,Pre,Experimental,SCS,4,3
9,Pre,Experimental,SCS,4,4
9,Pre,Experimental,SCS,4,5
9,Pre,Experimental,SCS,1,6
9,Pre,Experimental,SCS,3,7
9,Pre,Experimental,FPPS,4,1
9,Pre,Experimental,FPPS,4,2
9,Pre,Experimental,FPPS,4,3
9,Pre,Experimental,FPPS,4,4
9,Pre,Experimental,FPPS,5,5
9,Pre,Experimental,FPPS,4,6
9,Pre,Experimental,FPPS,5,7
9,Pre,Experimental,FPPS,5,8
9,Pre,Experimental,FPPS,4,9
9,Pre,Experimental,FPPS,4,10
9,Pre,Experimental,FPPS,4,11
9,Pre,Experimental,FPPS,4,12
9,Pre,Experimental,FPPS,5,13
9,Pre,Experimental,FPPS,5,14
9,Pre,Experimental,FPPS,5,15
9,Pre,Experimental,FPPS,4,16
9,Pre,Experimental,FPPS,4,17
9,Pre,Experimental,FPPS,4,18
9,Pre,Experimental,SEAS,2,1
9,Pre,Experimental,SEAS,2,2
9,Pre,Experimental,SEAS,2,3
9,Pre,Experimental,SEAS,2,4
9,Pre,Experimental,SEAS,4,5
9,Pre,Experimental,SEAS,5,6
9,Pre,Experimental,SEAS,4,7
9,Pre,Experimental,SEAS,4,8
9,Pre,Experimental,SEAS,5,9
9,Pre,Experimental,SEAS,5,10
11,Pre,Experimental,FACES,3,1
11,Pre,Experimental,FACES,4,2
11,Pre,Experimental,FACES,4,3
11,Pre,Experimental,FACES,4,4
11,Pre,Experimental,FACES,4,5
11,Pre,Experimental,FACES,4,6
11,Pre,Experimental,FACES,5,7
11,Pre,Experimental,AKS,4,1
11,Pre,Experimental,AKS,2,2
11,Pre,Experimental,AKS,1,3
11,Pre,Experimental,AKS,5,4
11,Pre,Experimental,AKS,1,5
11,Pre,Experimental,AKS,3,6
11,Pre,Experimental,AKS,3,7
11,Pre,Experimental,AKS,4,8
11,Pre,Experimental,AKS,1,9
11,Pre,Experimental,AKS,2,10
11,Pre,Experimental,AKS,1,11
11,Pre,Experimental,AKS,4,12
11,Pre,Experimental,AKS,3,13
11,Pre,Experimental,AKS,1,14
11,Pre,Experimental,AKS,4,15
11,Pre,Experimental,AKS,3,16
11,Pre,Experimental,AKS,4,17
11,Pre,Experimental,AKS,2,18
11,Pre,Experimental,AKS,1,19
11,Pre,Experimental,AKS,4,20
11,Pre,Experimental,AKS,1,21
11,Pre,Experimental,FES,4,1
11,Pre,Experimental,FES,3,2
11,Pre,Experimental,FES,4,3
11,Pre,Experimental,FES,4,4
11,Pre,Experimental,FES,3,5
11,Pre,Experimental,FES,4,6
11,Pre,Experimental,FES,3,7
11,Pre,Experimental,FES,1,8
11,Pre,Experimental,FES,4,9
11,Pre,Experimental,FES,3,10
11,Pre,Experimental,FES,3,11
11,Pre,Experimental,FES,4,12
11,Pre,Experimental,FES,3,13
11,Pre,Experimental,FES,3,14
11,Pre,Experimental,FES,3,15
11,Pre,Experimental,FES,3,16
11,Pre,Experimental,FES,5,17
11,Pre,Experimental,FES,4,18
11,Pre,Experimental,FES,3,19
11,Pre,Experimental,FES,1,20
11,Pre,Experimental,FES,3,21
11,Pre,Experimental,FES,2,22
11,Pre,Experimental,FES,3,23
11,Pre,Experimental,FES,3,24
11,Pre,Experimental,FES,5,25
11,Pre,Experimental,FES,4,26
11,Pre,Experimental,FES,4,27
11,Pre,Experimental,FES,4,28
11,Pre,Experimental,FES,4,29
11,Pre,Experimental,FES,4,30
11,Pre,Experimental,FES,3,31
11,Pre,Experimental,FES,3,32
11,Pre,Experimental,FES,4,33
11,Pre,Experimental,FES,5,34
11,Pre,Experimental,SCS,2,1
11,Pre,Experimental,SCS,2,2
11,Pre,Experimental,SCS,3,3
11,Pre,Experimental,SCS,4,4
11,Pre,Experimental,SCS,4,5
11,Pre,Experimental,SCS,1,6
11,Pre,Experimental,SCS,2,7
11,Pre,Experimental,FPPS,4,1
11,Pre,Experimental,FPPS,4,2
11,Pre,Experimental,FPPS,3,3
11,Pre,Experimental,FPPS,4,4
11,Pre,Experimental,FPPS,4,5
11,Pre,Experimental,FPPS,4,6
11,Pre,Experimental,FPPS,4,7
11,Pre,Experimental,FPPS,4,8
11,Pre,Experimental,FPPS,4,9
11,Pre,Experimental,FPPS,4,10
11,Pre,Experimental,FPPS,3,11
11,Pre,Experimental,FPPS,4,12
11,Pre,Experimental,FPPS,4,13
11,Pre,Experimental,FPPS,4,14
11,Pre,Experimental,FPPS,4,15
11,Pre,Experimental,FPPS,3,16
11,Pre,Experimental,FPPS,4,17
11,Pre,Experimental,FPPS,4,18
11,Pre,Experimental,SEAS,4,1
11,Pre,Experimental,SEAS,4,2
11,Pre,Experimental,SEAS,4,3
11,Pre,Experimental,SEAS,4,4
11,Pre,Experimental,SEAS,5,5
11,Pre,Experimental,SEAS,4,6
11,Pre,Experimental,SEAS,5,7
11,Pre,Experimental,SEAS,5,8
11,Pre,Experimental,SEAS,4,9
11,Pre,Experimental,SEAS,4,10
12,Pre,Experimental,FACES,1,1
12,Pre,Experimental,FACES,5,2
12,Pre,Experimental,FACES,5,3
12,Pre,Experimental,FACES,4,4
12,Pre,Experimental,FACES,3,5
12,Pre,Experimental,FACES,3,6
12,Pre,Experimental,FACES,5,7
12,Pre,Experimental,AKS,5,1
12,Pre,Experimental,AKS,4,2
12,Pre,Experimental,AKS,1,3
12,Pre,Experimental,AKS,4,4
12,Pre,Experimental,AKS,1,5
12,Pre,Experimental,AKS,4,6
12,Pre,Experimental,AKS,1,7
12,Pre,Experimental,AKS,4,8
12,Pre,Experimental,AKS,1,9
12,Pre,Experimental,AKS,1,10
12,Pre,Experimental,AKS,2,11
12,Pre,Experimental,AKS,1,12
12,Pre,Experimental,AKS,5,13
12,Pre,Experimental,AKS,2,14
12,Pre,Experimental,AKS,3,15
12,Pre,Experimental,AKS,1,16
12,Pre,Experimental,AKS,4,17
12,Pre,Experimental,AKS,1,18
12,Pre,Experimental,AKS,3,19
12,Pre,Experimental,AKS,5,20
12,Pre,Experimental,AKS,4,21
12,Pre,Experimental,FES,3,1
12,Pre,Experimental,FES,5,2
12,Pre,Experimental,FES,5,3
12,Pre,Experimental,FES,5,4
12,Pre,Experimental,FES,4,5
12,Pre,Experimental,FES,5,6
12,Pre,Experimental,FES,5,7
12,Pre,Experimental,FES,1,8
12,Pre,Experimental,FES,5,9
12,Pre,Experimental,FES,1,10
12,Pre,Experimental,FES,4,11
12,Pre,Experimental,FES,4,12
12,Pre,Experimental,FES,5,13
12,Pre,Experimental,FES,1,14
12,Pre,Experimental,FES,3,15
12,Pre,Experimental,FES,4,16
12,Pre,Experimental,FES,5,17
12,Pre,Experimental,FES,5,18
12,Pre,Experimental,FES,5,19
12,Pre,Experimental,FES,1,20
12,Pre,Experimental,FES,4,21
12,Pre,Experimental,FES,1,22
12,Pre,Experimental,FES,3,23
12,Pre,Experimental,FES,3,24
12,Pre,Experimental,FES,5,25
12,Pre,Experimental,FES,5,26
12,Pre,Experimental,FES,5,27
12,Pre,Experimental,FES,5,28
12,Pre,Experimental,FES,5,29
12,Pre,Experimental,FES,4,30
12,Pre,Experimental,FES,5,31
12,Pre,Experimental,FES,4,32
12,Pre,Experimental,FES,4,33
12,Pre,Experimental,FES,5,34
12,Pre,Experimental,SCS,3,1
12,Pre,Experimental,SCS,4,2
12,Pre,Experimental,SCS,5,3
12,Pre,Experimental,SCS,5,4
12,Pre,Experimental,SCS,5,5
12,Pre,Experimental,SCS,4,6
12,Pre,Experimental,SCS,5,7
12,Pre,Experimental,FPPS,3,1
12,Pre,Experimental,FPPS,4,2
12,Pre,Experimental,FPPS,4,3
12,Pre,Experimental,FPPS,3,4
12,Pre,Experimental,FPPS,4,5
12,Pre,Experimental,FPPS,3,6
12,Pre,Experimental,FPPS,4,7
12,Pre,Experimental,FPPS,3,8
12,Pre,Experimental,FPPS,3,9
12,Pre,Experimental,FPPS,3,10
12,Pre,Experimental,FPPS,5,11
12,Pre,Experimental,FPPS,4,12
12,Pre,Experimental,FPPS,5,13
12,Pre,Experimental,FPPS,3,14
12,Pre,Experimental,FPPS,4,15
12,Pre,Experimental,FPPS,3,16
12,Pre,Experimental,FPPS,3,17
12,Pre,Experimental,FPPS,4,18
12,Pre,Experimental,SEAS,1,1
12,Pre,Experimental,SEAS,1,2
12,Pre,Experimental,SEAS,3,3
12,Pre,Experimental,SEAS,3,4
12,Pre,Experimental,SEAS,4,5
12,Pre,Experimental,SEAS,4,6
12,Pre,Experimental,SEAS,5,7
12,Pre,Experimental,SEAS,4,8
12,Pre,Experimental,SEAS,3,9
12,Pre,Experimental,SEAS,3,10
13,Pre,Control,FACES,4,1
13,Pre,Control,FACES,5,2
13,Pre,Control,FACES,5,3
13,Pre,Control,FACES,5,4
13,Pre,Control,FACES,5,5
13,Pre,Control,FACES,4,6
13,Pre,Control,FACES,5,7
13,Pre,Control,AKS,5,1
13,Pre,Control,AKS,1,2
13,Pre,Control,AKS,1,3
13,Pre,Control,AKS,4,4
13,Pre,Control,AKS,1,5
13,Pre,Control,AKS,3,6
13,Pre,Control,AKS,1,7
13,Pre,Control,AKS,4,8
13,Pre,Control,AKS,1,9
13,Pre,Control,AKS,1,10
13,Pre,Control,AKS,1,11
13,Pre,Control,AKS,4,12
13,Pre,Control,AKS,4,13
13,Pre,Control,AKS,3,14
13,Pre,Control,AKS,3,15
13,Pre,Control,AKS,1,16
13,Pre,Control,AKS,1,17
13,Pre,Control,AKS,3,18
13,Pre,Control,AKS,2,19
13,Pre,Control,AKS,4,20
13,Pre,Control,AKS,4,21
13,Pre,Control,FES,5,1
13,Pre,Control,FES,4,2
13,Pre,Control,FES,5,3
13,Pre,Control,FES,5,4
13,Pre,Control,FES,4,5
13,Pre,Control,FES,5,6
13,Pre,Control,FES,4,7
13,Pre,Control,FES,4,8
13,Pre,Control,FES,4,9
13,Pre,Control,FES,4,10
13,Pre,Control,FES,4,11
13,Pre,Control,FES,4,12
13,Pre,Control,FES,5,13
13,Pre,Control,FES,3,14
13,Pre,Control,FES,4,15
13,Pre,Control,FES,4,16
13,Pre,Control,FES,5,17
13,Pre,Control,FES,5,18
13,Pre,Control,FES,5,19
13,Pre,Control,FES,4,20
13,Pre,Control,FES,4,21
13,Pre,Control,FES,3,22
13,Pre,Control,FES,4,23
13,Pre,Control,FES,4,24
13,Pre,Control,FES,5,25
13,Pre,Control,FES,4,26
13,Pre,Control,FES,5,27
13,Pre,Control,FES,5,28
13,Pre,Control,FES,5,29
13,Pre,Control,FES,4,30
13,Pre,Control,FES,4,31
13,Pre,Control,FES,5,32
13,Pre,Control,FES,4,33
13,Pre,Control,FES,5,34
13,Pre,Control,SCS,3,1
13,Pre,Control,SCS,3,2
13,Pre,Control,SCS,3,3
13,Pre,Control,SCS,4,4
13,Pre,Control,SCS,5,5
13,Pre,Control,SCS,3,6
13,Pre,Control,SCS,3,7
13,Pre,Control,FPPS,3,1
13,Pre,Control,FPPS,4,2
13,Pre,Control,FPPS,3,3
13,Pre,Control,FPPS,3,4
13,Pre,Control,FPPS,3,5
13,Pre,Control,FPPS,4,6
13,Pre,Control,FPPS,4,7
13,Pre,Control,FPPS,4,8
13,Pre,Control,FPPS,4,9
13,Pre,Control,FPPS,4,10
13,Pre,Control,FPPS,4,11
13,Pre,Control,FPPS,3,12
13,Pre,Control,FPPS,4,13
13,Pre,Control,FPPS,4,14
13,Pre,Control,FPPS,4,15
13,Pre,Control,FPPS,3,16
13,Pre,Control,FPPS,4,17
13,Pre,Control,FPPS,4,18
13,Pre,Control,SEAS,4,1
13,Pre,Control,SEAS,4,2
13,Pre,Control,SEAS,4,3
13,Pre,Control,SEAS,4,4
13,Pre,Control,SEAS,4,5
13,Pre,Control,SEAS,5,6
13,Pre,Control,SEAS,5,7
13,Pre,Control,SEAS,4,8
13,Pre,Control,SEAS,4,9
13,Pre,Control,SEAS,5,10
14,Pre,Control,FACES,4,1
14,Pre,Control,FACES,5,2
14,Pre,Control,FACES,5,3
14,Pre,Control,FACES,5,4
14,Pre,Control,FACES,5,5
14,Pre,Control,FACES,4,6
14,Pre,Control,FACES,5,7
14,Pre,Control,AKS,5,1
14,Pre,Control,AKS,1,2
14,Pre,Control,AKS,1,3
14,Pre,Control,AKS,5,4
14,Pre,Control,AKS,1,5
14,Pre,Control,AKS,4,6
14,Pre,Control,AKS,1,7
14,Pre,Control,AKS,5,8
14,Pre,Control,AKS,1,9
14,Pre,Control,AKS,1,10
14,Pre,Control,AKS,1,11
14,Pre,Control,AKS,4,12
14,Pre,Control,AKS,5,13
14,Pre,Control,AKS,4,14
14,Pre,Control,AKS,1,15
14,Pre,Control,AKS,3,16
14,Pre,Control,AKS,4,17
14,Pre,Control,AKS,1,18
14,Pre,Control,AKS,1,19
14,Pre,Control,AKS,3,20
14,Pre,Control,AKS,4,21
14,Pre,Control,FES,5,1
14,Pre,Control,FES,5,2
14,Pre,Control,FES,5,3
14,Pre,Control,FES,5,4
14,Pre,Control,FES,5,5
14,Pre,Control,FES,5,6
14,Pre,Control,FES,4,7
14,Pre,Control,FES,2,8
14,Pre,Control,FES,4,9
14,Pre,Control,FES,5,10
14,Pre,Control,FES,5,11
14,Pre,Control,FES,5,12
14,Pre,Control,FES,5,13
14,Pre,Control,FES,5,14
14,Pre,Control,FES,5,15
14,Pre,Control,FES,5,16
14,Pre,Control,FES,5,17
14,Pre,Control,FES,5,18
14,Pre,Control,FES,5,19
14,Pre,Control,FES,5,20
14,Pre,Control,FES,5,21
14,Pre,Control,FES,5,22
14,Pre,Control,FES,5,23
14,Pre,Control,FES,5,24
14,Pre,Control,FES,5,25
14,Pre,Control,FES,4,26
14,Pre,Control,FES,4,27
14,Pre,Control,FES,5,28
14,Pre,Control,FES,5,29
14,Pre,Control,FES,5,30
14,Pre,Control,FES,5,31
14,Pre,Control,FES,5,32
14,Pre,Control,FES,5,33
14,Pre,Control,FES,5,34
14,Pre,Control,SCS,4,1
14,Pre,Control,SCS,4,2
14,Pre,Control,SCS,5,3
14,Pre,Control,SCS,3,4
14,Pre,Control,SCS,5,5
14,Pre,Control,SCS,2,6
14,Pre,Control,SCS,3,7
14,Pre,Control,FPPS,2,1
14,Pre,Control,FPPS,1,2
14,Pre,Control,FPPS,1,3
14,Pre,Control,FPPS,2,4
14,Pre,Control,FPPS,2,5
14,Pre,Control,FPPS,2,6
14,Pre,Control,FPPS,2,7
14,Pre,Control,FPPS,1,8
14,Pre,Control,FPPS,1,9
14,Pre,Control,FPPS,1,10
14,Pre,Control,FPPS,2,11
14,Pre,Control,FPPS,5,12
14,Pre,Control,FPPS,4,13
14,Pre,Control,FPPS,2,14
14,Pre,Control,FPPS,2,15
14,Pre,Control,FPPS,1,16
14,Pre,Control,FPPS,1,17
14,Pre,Control,FPPS,3,18
14,Pre,Control,SEAS,4,1
14,Pre,Control,SEAS,3,2
14,Pre,Control,SEAS,5,3
14,Pre,Control,SEAS,5,4
14,Pre,Control,SEAS,5,5
14,Pre,Control,SEAS,5,6
14,Pre,Control,SEAS,5,7
14,Pre,Control,SEAS,2,8
14,Pre,Control,SEAS,5,9
14,Pre,Control,SEAS,5,10
15,Pre,Control,FACES,1,1
15,Pre,Control,FACES,2,2
15,Pre,Control,FACES,3,3
15,Pre,Control,FACES,3,4
15,Pre,Control,FACES,3,5
15,Pre,Control,FACES,3,6
15,Pre,Control,FACES,4,7
15,Pre,Control,AKS,3,1
15,Pre,Control,AKS,1,2
15,Pre,Control,AKS,1,3
15,Pre,Control,AKS,4,4
15,Pre,Control,AKS,2,5
15,Pre,Control,AKS,4,6
15,Pre,Control,AKS,2,7
15,Pre,Control,AKS,4,8
15,Pre,Control,AKS,2,9
15,Pre,Control,AKS,3,10
15,Pre,Control,AKS,2,11
15,Pre,Control,AKS,4,12
15,Pre,Control,AKS,4,13
15,Pre,Control,AKS,3,14
15,Pre,Control,AKS,3,15
15,Pre,Control,AKS,3,16
15,Pre,Control,AKS,1,17
15,Pre,Control,AKS,3,18
15,Pre,Control,AKS,3,19
15,Pre,Control,AKS,3,20
15,Pre,Control,AKS,4,21
15,Pre,Control,FES,5,1
15,Pre,Control,FES,4,2
15,Pre,Control,FES,4,3
15,Pre,Control,FES,4,4
15,Pre,Control,FES,1,5
15,Pre,Control,FES,2,6
15,Pre,Control,FES,2,7
15,Pre,Control,FES,1,8
15,Pre,Control,FES,4,9
15,Pre,Control,FES,1,10
15,Pre,Control,FES,3,11
15,Pre,Control,FES,3,12
15,Pre,Control,FES,4,13
15,Pre,Control,FES,4,14
15,Pre,Control,FES,1,15
15,Pre,Control,FES,4,16
15,Pre,Control,FES,4,17
15,Pre,Control,FES,4,18
15,Pre,Control,FES,3,19
15,Pre,Control,FES,1,20
15,Pre,Control,FES,4,21
15,Pre,Control,FES,1,22
15,Pre,Control,FES,4,23
15,Pre,Control,FES,1,24
15,Pre,Control,FES,3,25
15,Pre,Control,FES,3,26
15,Pre,Control,FES,4,27
15,Pre,Control,FES,4,28
15,Pre,Control,FES,4,29
15,Pre,Control,FES,3,30
15,Pre,Control,FES,4,31
15,Pre,Control,FES,3,32
15,Pre,Control,FES,3,33
15,Pre,Control,FES,5,34
15,Pre,Control,SCS,3,1
15,Pre,Control,SCS,2,2
15,Pre,Control,SCS,2,3
15,Pre,Control,SCS,2,4
15,Pre,Control,SCS,5,5
15,Pre,Control,SCS,1,6
15,Pre,Control,SCS,4,7
15,Pre,Control,FPPS,2,1
15,Pre,Control,FPPS,2,2
15,Pre,Control,FPPS,2,3
15,Pre,Control,FPPS,2,4
15,Pre,Control,FPPS,2,5
15,Pre,Control,FPPS,4,6
15,Pre,Control,FPPS,4,7
15,Pre,Control,FPPS,3,8
15,Pre,Control,FPPS,4,9
15,Pre,Control,FPPS,4,10
15,Pre,Control,FPPS,4,11
15,Pre,Control,FPPS,4,12
15,Pre,Control,FPPS,4,13
15,Pre,Control,FPPS,4,14
15,Pre,Control,FPPS,4,15
15,Pre,Control,FPPS,3,16
15,Pre,Control,FPPS,4,17
15,Pre,Control,FPPS,4,18
15,Pre,Control,SEAS,2,1
15,Pre,Control,SEAS,1,2
15,Pre,Control,SEAS,2,3
15,Pre,Control,SEAS,2,4
15,Pre,Control,SEAS,3,5
15,Pre,Control,SEAS,3,6
15,Pre,Control,SEAS,4,7
15,Pre,Control,SEAS,3,8
15,Pre,Control,SEAS,2,9
15,Pre,Control,SEAS,2,10
17,Pre,Control,FACES,2,1
17,Pre,Control,FACES,4,2
17,Pre,Control,FACES,2,3
17,Pre,Control,FACES,4,4
17,Pre,Control,FACES,4,5
17,Pre,Control,FACES,4,6
17,Pre,Control,FACES,4,7
17,Pre,Control,AKS,5,1
17,Pre,Control,AKS,4,2
17,Pre,Control,AKS,1,3
17,Pre,Control,AKS,4,4
17,Pre,Control,AKS,1,5
17,Pre,Control,AKS,2,6
17,Pre,Control,AKS,2,7
17,Pre,Control,AKS,4,8
17,Pre,Control,AKS,1,9
17,Pre,Control,AKS,1,10
17,Pre,Control,AKS,1,11
17,Pre,Control,AKS,4,12
17,Pre,Control,AKS,4,13
17,Pre,Control,AKS,1,14
17,Pre,Control,AKS,3,15
17,Pre,Control,AKS,1,16
17,Pre,Control,AKS,4,17
17,Pre,Control,AKS,4,18
17,Pre,Control,AKS,4,19
17,Pre,Control,AKS,4,20
17,Pre,Control,AKS,4,21
17,Pre,Control,FES,5,1
17,Pre,Control,FES,5,2
17,Pre,Control,FES,5,3
17,Pre,Control,FES,5,4
17,Pre,Control,FES,3,5
17,Pre,Control,FES,4,6
17,Pre,Control,FES,3,7
17,Pre,Control,FES,1,8
17,Pre,Control,FES,3,9
17,Pre,Control,FES,1,10
17,Pre,Control,FES,2,11
17,Pre,Control,FES,4,12
17,Pre,Control,FES,2,13
17,Pre,Control,FES,1,14
17,Pre,Control,FES,2,15
17,Pre,Control,FES,3,16
17,Pre,Control,FES,4,17
17,Pre,Control,FES,5,18
17,Pre,Control,FES,4,19
17,Pre,Control,FES,2,20
17,Pre,Control,FES,3,21
17,Pre,Control,FES,1,22
17,Pre,Control,FES,3,23
17,Pre,Control,FES,3,24
17,Pre,Control,FES,4,25
17,Pre,Control,FES,4,26
17,Pre,Control,FES,3,27
17,Pre,Control,FES,3,28
17,Pre,Control,FES,3,29
17,Pre,Control,FES,2,30
17,Pre,Control,FES,2,31
17,Pre,Control,FES,3,32
17,Pre,Control,FES,4,33
17,Pre,Control,FES,4,34
17,Pre,Control,SCS,2,1
17,Pre,Control,SCS,3,2
17,Pre,Control,SCS,2,3
17,Pre,Control,SCS,2,4
17,Pre,Control,SCS,4,5
17,Pre,Control,SCS,1,6
17,Pre,Control,SCS,4,7
17,Pre,Control,FPPS,2,1
17,Pre,Control,FPPS,4,2
17,Pre,Control,FPPS,4,3
17,Pre,Control,FPPS,3,4
17,Pre,Control,FPPS,4,5
17,Pre,Control,FPPS,4,6
17,Pre,Control,FPPS,4,7
17,Pre,Control,FPPS,2,8
17,Pre,Control,FPPS,4,9
17,Pre,Control,FPPS,4,10
17,Pre,Control,FPPS,4,11
17,Pre,Control,FPPS,4,12
17,Pre,Control,FPPS,4,13
17,Pre,Control,FPPS,4,14
17,Pre,Control,FPPS,4,15
17,Pre,Control,FPPS,4,16
17,Pre,Control,FPPS,4,17
17,Pre,Control,FPPS,4,18
17,Pre,Control,SEAS,2,1
17,Pre,Control,SEAS,1,2
17,Pre,Control,SEAS,2,3
17,Pre,Control,SEAS,3,4
17,Pre,Control,SEAS,4,5
17,Pre,Control,SEAS,4,6
17,Pre,Control,SEAS,4,7
17,Pre,Control,SEAS,4,8
17,Pre,Control,SEAS,4,9
17,Pre,Control,SEAS,4,10
18,Pre,Control,FACES,1,1
18,Pre,Control,FACES,2,2
18,Pre,Control,FACES,2,3
18,Pre,Control,FACES,3,4
18,Pre,Control,FACES,3,5
18,Pre,Control,FACES,3,6
18,Pre,Control,FACES,2,7
18,Pre,Control,AKS,5,1
18,Pre,Control,AKS,1,2
18,Pre,Control,AKS,1,3
18,Pre,Control,AKS,5,4
18,Pre,Control,AKS,1,5
18,Pre,Control,AKS,3,6
18,Pre,Control,AKS,4,7
18,Pre,Control,AKS,4,8
18,Pre,Control,AKS,1,9
18,Pre,Control,AKS,3,10
18,Pre,Control,AKS,1,11
18,Pre,Control,AKS,4,12
18,Pre,Control,AKS,3,13
18,Pre,Control,AKS,3,14
18,Pre,Control,AKS,3,15
18,Pre,Control,AKS,2,16
18,Pre,Control,AKS,3,17
18,Pre,Control,AKS,2,18
18,Pre,Control,AKS,3,19
18,Pre,Control,AKS,4,20
18,Pre,Control,AKS,3,21
18,Pre,Control,FES,4,1
18,Pre,Control,FES,3,2
18,Pre,Control,FES,5,3
18,Pre,Control,FES,3,4
18,Pre,Control,FES,2,5
18,Pre,Control,FES,2,6
18,Pre,Control,FES,2,7
18,Pre,Control,FES,1,8
18,Pre,Control,FES,1,9
18,Pre,Control,FES,1,10
18,Pre,Control,FES,3,11
18,Pre,Control,FES,3,12
18,Pre,Control,FES,3,13
18,Pre,Control,FES,1,14
18,Pre,Control,FES,3,15
18,Pre,Control,FES,3,16
18,Pre,Control,FES,3,17
18,Pre,Control,FES,5,18
18,Pre,Control,FES,2,19
18,Pre,Control,FES,1,20
18,Pre,Control,FES,3,21
18,Pre,Control,FES,1,22
18,Pre,Control,FES,3,23
18,Pre,Control,FES,1,24
18,Pre,Control,FES,5,25
18,Pre,Control,FES,2,26
18,Pre,Control,FES,3,27
18,Pre,Control,FES,3,28
18,Pre,Control,FES,4.4,29
18,Pre,Control,FES,3.6,30
18,Pre,Control,FES,3,31
18,Pre,Control,FES,4,32
18,Pre,Control,FES,2,33
18,Pre,Control,FES,2,34
18,Pre,Control,SEAS,5,1
18,Pre,Control,SEAS,5,2
18,Pre,Control,SEAS,5,3
18,Pre,Control,SEAS,5,4
18,Pre,Control,SEAS,5,5
18,Pre,Control,SEAS,5,6
18,Pre,Control,SEAS,4,7
18,Pre,Control,SEAS,4,8
18,Pre,Control,SEAS,5,9
18,Pre,Control,SEAS,4,10
19,Pre,Control,FACES,5,1
19,Pre,Control,FACES,5,2
19,Pre,Control,FACES,4,3
19,Pre,Control,FACES,3,4
19,Pre,Control,FACES,2,5
19,Pre,Control,FACES,4,6
19,Pre,Control,FACES,4,7
19,Pre,Control,AKS,5,1
19,Pre,Control,AKS,2,2
19,Pre,Control,AKS,1,3
19,Pre,Control,AKS,5,4
19,Pre,Control,AKS,1,5
19,Pre,Control,AKS,4,6
19,Pre,Control,AKS,1,7
19,Pre,Control,AKS,4,8
19,Pre,Control,AKS,2,9
19,Pre,Control,AKS,2,10
19,Pre,Control,AKS,2,11
19,Pre,Control,AKS,3,12
19,Pre,Control,AKS,5,13
19,Pre,Control,AKS,3,14
19,Pre,Control,AKS,1,15
19,Pre,Control,AKS,1,16
19,Pre,Control,AKS,4,17
19,Pre,Control,AKS,1,18
19,Pre,Control,AKS,2,19
19,Pre,Control,AKS,5,20
19,Pre,Control,AKS,5,21
19,Pre,Control,FES,5,1
19,Pre,Control,FES,4,2
19,Pre,Control,FES,4,3
19,Pre,Control,FES,4,4
19,Pre,Control,FES,5,5
19,Pre,Control,FES,5,6
19,Pre,Control,FES,4,7
19,Pre,Control,FES,3,8
19,Pre,Control,FES,3,9
19,Pre,Control,FES,4,10
19,Pre,Control,FES,3,11
19,Pre,Control,FES,3,12
19,Pre,Control,FES,5,13
19,Pre,Control,FES,5,14
19,Pre,Control,FES,5,15
19,Pre,Control,FES,4,16
19,Pre,Control,FES,4,17
19,Pre,Control,FES,5,18
19,Pre,Control,FES,5,19
19,Pre,Control,FES,4,20
19,Pre,Control,FES,3,21
19,Pre,Control,FES,4,22
19,Pre,Control,FES,5,23
19,Pre,Control,FES,5,24
19,Pre,Control,FES,5,25
19,Pre,Control,FES,4,26
19,Pre,Control,FES,5,27
19,Pre,Control,FES,5,28
19,Pre,Control,FES,5,29
19,Pre,Control,FES,4,30
19,Pre,Control,FES,5,31
19,Pre,Control,FES,5,32
19,Pre,Control,FES,4,33
19,Pre,Control,FES,5,34
19,Pre,Control,SEAS,3,1
19,Pre,Control,SEAS,1,2
19,Pre,Control,SEAS,3,3
19,Pre,Control,SEAS,2,4
19,Pre,Control,SEAS,3,5
19,Pre,Control,SEAS,3,6
19,Pre,Control,SEAS,3,7
19,Pre,Control,SEAS,3,8
19,Pre,Control,SEAS,3,9
19,Pre,Control,SEAS,2,10
1,Post,Experimental,FACES,5,1
1,Post,Experimental,FACES,5,2
1,Post,Experimental,FACES,5,3
1,Post,Experimental,FACES,5,4
1,Post,Experimental,FACES,5,5
1,Post,Experimental,FACES,4,6
1,Post,Experimental,FACES,5,7
1,Post,Experimental,AKS,5,1
1,Post,Experimental,AKS,1,2
1,Post,Experimental,AKS,1,3
1,Post,Experimental,AKS,5,4
1,Post,Experimental,AKS,1,5
1,Post,Experimental,AKS,5,6
1,Post,Experimental,AKS,1,7
1,Post,Experimental,AKS,5,8
1,Post,Experimental,AKS,1,9
1,Post,Experimental,AKS,1,10
1,Post,Experimental,AKS,5,11
1,Post,Experimental,AKS,1,12
1,Post,Experimental,AKS,5,13
1,Post,Experimental,AKS,1,14
1,Post,Experimental,AKS,4,15
1,Post,Experimental,AKS,1,16
1,Post,Experimental,AKS,5,17
1,Post,Experimental,AKS,1,18
1,Post,Experimental,AKS,4,19
1,Post,Experimental,AKS,5,20
1,Post,Experimental,AKS,5,21
1,Post,Experimental,FES,5,1
1,Post,Experimental,FES,5,2
1,Post,Experimental,FES,5,3
1,Post,Experimental,FES,4,4
1,Post,Experimental,FES,5,5
1,Post,Experimental,FES,5,6
1,Post,Experimental,FES,4,7
1,Post,Experimental,FES,5,8
1,Post,Experimental,FES,5,9
1,Post,Experimental,FES,4,10
1,Post,Experimental,FES,5,11
1,Post,Experimental,FES,5,12
1,Post,Experimental,FES,5,13
1,Post,Experimental,FES,5,14
1,Post,Experimental,FES,5,15
1,Post,Experimental,FES,5,16
1,Post,Experimental,FES,5,17
1,Post,Experimental,FES,5,18
1,Post,Experimental,FES,5,19
1,Post,Experimental,FES,5,20
1,Post,Experimental,FES,4,21
1,Post,Experimental,FES,3,22
1,Post,Experimental,FES,5,23
1,Post,Experimental,FES,4,24
1,Post,Experimental,FES,5,25
1,Post,Experimental,FES,5,26
1,Post,Experimental,FES,5,27
1,Post,Experimental,FES,5,28
1,Post,Experimental,FES,5,29
1,Post,Experimental,FES,5,30
1,Post,Experimental,FES,5,31
1,Post,Experimental,FES,5,32
1,Post,Experimental,FES,5,33
1,Post,Experimental,FES,5,34
1,Post,Experimental,SCS,5,1
1,Post,Experimental,SCS,5,2
1,Post,Experimental,SCS,5,3
1,Post,Experimental,SCS,4,4
1,Post,Experimental,SCS,5,5
1,Post,Experimental,SCS,4,6
1,Post,Experimental,SCS,5,7
1,Post,Experimental,FPPS,5,1
1,Post,Experimental,FPPS,5,2
1,Post,Experimental,FPPS,5,3
1,Post,Experimental,FPPS,5,4
1,Post,Experimental,FPPS,5,5
1,Post,Experimental,FPPS,5,6
1,Post,Experimental,FPPS,5,7
1,Post,Experimental,FPPS,5,8
1,Post,Experimental,FPPS,5,9
1,Post,Experimental,FPPS,5,10
1,Post,Experimental,FPPS,5,11
1,Post,Experimental,FPPS,5,12
1,Post,Experimental,FPPS,5,13
1,Post,Experimental,FPPS,5,14
1,Post,Experimental,FPPS,5,15
1,Post,Experimental,FPPS,5,16
1,Post,Experimental,FPPS,5,17
1,Post,Experimental,FPPS,5,18
1,Post,Experimental,SEAS,5,1
1,Post,Experimental,SEAS,4,2
1,Post,Experimental,SEAS,5,3
1,Post,Experimental,SEAS,5,4
1,Post,Experimental,SEAS,5,5
1,Post,Experimental,SEAS,5,6
1,Post,Experimental,SEAS,5,7
1,Post,Experimental,SEAS,5,8
1,Post,Experimental,SEAS,5,9
1,Post,Experimental,SEAS,5,10
2,Post,Experimental,FACES,4,1
2,Post,Experimental,FACES,4,2
2,Post,Experimental,FACES,5,3
2,Post,Experimental,FACES,4,4
2,Post,Experimental,FACES,4,5
2,Post,Experimental,FACES,4,6
2,Post,Experimental,FACES,4,7
2,Post,Experimental,AKS,5,1
2,Post,Experimental,AKS,1,2
2,Post,Experimental,AKS,1,3
2,Post,Experimental,AKS,5,4
2,Post,Experimental,AKS,1,5
2,Post,Experimental,AKS,4,6
2,Post,Experimental,AKS,1,7
2,Post,Experimental,AKS,5,8
2,Post,Experimental,AKS,1,9
2,Post,Experimental,AKS,1,10
2,Post,Experimental,AKS,1,11
2,Post,Experimental,AKS,5,12
2,Post,Experimental,AKS,5,13
2,Post,Experimental,AKS,1,14
2,Post,Experimental,AKS,4,15
2,Post,Experimental,AKS,1,16
2,Post,Experimental,AKS,5,17
2,Post,Experimental,AKS,1,18
2,Post,Experimental,AKS,5,19
2,Post,Experimental,AKS,5,20
2,Post,Experimental,AKS,5,21
2,Post,Experimental,FES,5,1
2,Post,Experimental,FES,3,2
2,Post,Experimental,FES,4,3
2,Post,Experimental,FES,5,4
2,Post,Experimental,FES,5,5
2,Post,Experimental,FES,4,6
2,Post,Experimental,FES,4,7
2,Post,Experimental,FES,3,8
2,Post,Experimental,FES,4,9
2,Post,Experimental,FES,4,10
2,Post,Experimental,FES,4,11
2,Post,Experimental,FES,5,12
2,Post,Experimental,FES,5,13
2,Post,Experimental,FES,5,14
2,Post,Experimental,FES,3,15
2,Post,Experimental,FES,5,16
2,Post,Experimental,FES,5,17
2,Post,Experimental,FES,5,18
2,Post,Experimental,FES,5,19
2,Post,Experimental,FES,5,20
2,Post,Experimental,FES,5,21
2,Post,Experimental,FES,3,22
2,Post,Experimental,FES,4,23
2,Post,Experimental,FES,5,24
2,Post,Experimental,FES,5,25
2,Post,Experimental,FES,5,26
2,Post,Experimental,FES,5,27
2,Post,Experimental,FES,5,28
2,Post,Experimental,FES,5,29
2,Post,Experimental,FES,5,30
2,Post,Experimental,FES,5,31
2,Post,Experimental,FES,5,32
2,Post,Experimental,FES,5,33
2,Post,Experimental,FES,5,34
2,Post,Experimental,SCS,5,1
2,Post,Experimental,SCS,5,2
2,Post,Experimental,SCS,5,3
2,Post,Experimental,SCS,5,4
2,Post,Experimental,SCS,5,5
2,Post,Experimental,SCS,3,6
2,Post,Experimental,SCS,5,7
2,Post,Experimental,FPPS,5,1
2,Post,Experimental,FPPS,4,2
2,Post,Experimental,FPPS,3,3
2,Post,Experimental,FPPS,4,4
2,Post,Experimental,FPPS,5,5
2,Post,Experimental,FPPS,4,6
2,Post,Experimental,FPPS,5,7
2,Post,Experimental,FPPS,5,8
2,Post,Experimental,FPPS,5,9
2,Post,Experimental,FPPS,5,10
2,Post,Experimental,FPPS,5,11
2,Post,Experimental,FPPS,5,12
2,Post,Experimental,FPPS,5,13
2,Post,Experimental,FPPS,5,14
2,Post,Experimental,FPPS,5,15
2,Post,Experimental,FPPS,5,16
2,Post,Experimental,FPPS,5,17
2,Post,Experimental,FPPS,5,18
2,Post,Experimental,SEAS,4,1
2,Post,Experimental,SEAS,4,2
2,Post,Experimental,SEAS,4,3
2,Post,Experimental,SEAS,4,4
2,Post,Experimental,SEAS,4,5
2,Post,Experimental,SEAS,4,6
2,Post,Experimental,SEAS,4,7
2,Post,Experimental,SEAS,4,8
2,Post,Experimental,SEAS,4,9
2,Post,Experimental,SEAS,4,10
3,Post,Experimental,FACES,5,1
3,Post,Experimental,FACES,5,2
3,Post,Experimental,FACES,5,3
3,Post,Experimental,FACES,5,4
3,Post,Experimental,FACES,5,5
3,Post,Experimental,FACES,5,6
3,Post,Experimental,FACES,5,7
3,Post,Experimental,AKS,5,1
3,Post,Experimental,AKS,1,2
3,Post,Experimental,AKS,1,3
3,Post,Experimental,AKS,5,4
3,Post,Experimental,AKS,1,5
3,Post,Experimental,AKS,5,6
3,Post,Experimental,AKS,3,7
3,Post,Experimental,AKS,5,8
3,Post,Experimental,AKS,1,9
3,Post,Experimental,AKS,1,10
3,Post,Experimental,AKS,1,11
3,Post,Experimental,AKS,5,12
3,Post,Experimental,AKS,2,13
3,Post,Experimental,AKS,1,14
3,Post,Experimental,AKS,4,15
3,Post,Experimental,AKS,1,16
3,Post,Experimental,AKS,4,17
3,Post,Experimental,AKS,1,18
3,Post,Experimental,AKS,4,19
3,Post,Experimental,AKS,2,20
3,Post,Experimental,AKS,4,21
3,Post,Experimental,FES,5,1
3,Post,Experimental,FES,5,2
3,Post,Experimental,FES,5,3
3,Post,Experimental,FES,4,4
3,Post,Experimental,FES,5,5
3,Post,Experimental,FES,5,6
3,Post,Experimental,FES,5,7
3,Post,Experimental,FES,1,8
3,Post,Experimental,FES,4,9
3,Post,Experimental,FES,5,10
3,Post,Experimental,FES,5,11
3,Post,Experimental,FES,5,12
3,Post,Experimental,FES,5,13
3,Post,Experimental,FES,4,14
3,Post,Experimental,FES,2,15
3,Post,Experimental,FES,5,16
3,Post,Experimental,FES,5,17
3,Post,Experimental,FES,5,18
3,Post,Experimental,FES,5,19
3,Post,Experimental,FES,5,20
3,Post,Experimental,FES,5,21
3,Post,Experimental,FES,5,22
3,Post,Experimental,FES,3,23
3,Post,Experimental,FES,5,24
3,Post,Experimental,FES,5,25
3,Post,Experimental,FES,5,26
3,Post,Experimental,FES,5,27
3,Post,Experimental,FES,5,28
3,Post,Experimental,FES,5,29
3,Post,Experimental,FES,5,30
3,Post,Experimental,FES,5,31
3,Post,Experimental,FES,5,32
3,Post,Experimental,FES,4,33
3,Post,Experimental,FES,5,34
3,Post,Experimental,SCS,3,1
3,Post,Experimental,SCS,5,2
3,Post,Experimental,SCS,5,3
3,Post,Experimental,SCS,4,4
3,Post,Experimental,SCS,5,5
3,Post,Experimental,SCS,2,6
3,Post,Experimental,SCS,5,7
3,Post,Experimental,FPPS,4,1
3,Post,Experimental,FPPS,5,2
3,Post,Experimental,FPPS,4,3
3,Post,Experimental,FPPS,4,4
3,Post,Experimental,FPPS,5,5
3,Post,Experimental,FPPS,5,6
3,Post,Experimental,FPPS,5,7
3,Post,Experimental,FPPS,5,8
3,Post,Experimental,FPPS,5,9
3,Post,Experimental,FPPS,5,10
3,Post,Experimental,FPPS,5,11
3,Post,Experimental,FPPS,5,12
3,Post,Experimental,FPPS,5,13
3,Post,Experimental,FPPS,5,14
3,Post,Experimental,FPPS,5,15
3,Post,Experimental,FPPS,5,16
3,Post,Experimental,FPPS,5,17
3,Post,Experimental,FPPS,5,18
3,Post,Experimental,SEAS,4,1
3,Post,Experimental,SEAS,4,2
3,Post,Experimental,SEAS,4,3
3,Post,Experimental,SEAS,4,4
3,Post,Experimental,SEAS,5,5
3,Post,Experimental,SEAS,5,6
3,Post,Experimental,SEAS,3,7
3,Post,Experimental,SEAS,5,8
3,Post,Experimental,SEAS,5,9
3,Post,Experimental,SEAS,4,10
4,Post,Experimental,FACES,4,1
4,Post,Experimental,FACES,1,2
4,Post,Experimental,FACES,1,3
4,Post,Experimental,FACES,1,4
4,Post,Experimental,FACES,1,5
4,Post,Experimental,FACES,2,6
4,Post,Experimental,FACES,1,7
4,Post,Experimental,AKS,1,1
4,Post,Experimental,AKS,1,2
4,Post,Experimental,AKS,1,3
4,Post,Experimental,AKS,5,4
4,Post,Experimental,AKS,1,5
4,Post,Experimental,AKS,5,6
4,Post,Experimental,AKS,1,7
4,Post,Experimental,AKS,5,8
4,Post,Experimental,AKS,1,9
4,Post,Experimental,AKS,1,10
4,Post,Experimental,AKS,1,11
4,Post,Experimental,AKS,2,12
4,Post,Experimental,AKS,4,13
4,Post,Experimental,AKS,3,14
4,Post,Experimental,AKS,1,15
4,Post,Experimental,AKS,1,16
4,Post,Experimental,AKS,1,17
4,Post,Experimental,AKS,1,18
4,Post,Experimental,AKS,1,19
4,Post,Experimental,AKS,5,20
4,Post,Experimental,AKS,2,21
4,Post,Experimental,FES,4,1
4,Post,Experimental,FES,5,2
4,Post,Experimental,FES,5,3
4,Post,Experimental,FES,5,4
4,Post,Experimental,FES,5,5
4,Post,Experimental,FES,5,6
4,Post,Experimental,FES,4,7
4,Post,Experimental,FES,5,8
4,Post,Experimental,FES,4,9
4,Post,Experimental,FES,5,10
4,Post,Experimental,FES,5,11
4,Post,Experimental,FES,5,12
4,Post,Experimental,FES,5,13
4,Post,Experimental,FES,4,14
4,Post,Experimental,FES,4,15
4,Post,Experimental,FES,5,16
4,Post,Experimental,FES,2,17
4,Post,Experimental,FES,5,18
4,Post,Experimental,FES,5,19
4,Post,Experimental,FES,5,20
4,Post,Experimental,FES,3,21
4,Post,Experimental,FES,3,22
4,Post,Experimental,FES,5,23
4,Post,Experimental,FES,5,24
4,Post,Experimental,FES,5,25
4,Post,Experimental,FES,5,26
4,Post,Experimental,FES,5,27
4,Post,Experimental,FES,5,28
4,Post,Experimental,FES,5,29
4,Post,Experimental,FES,5,30
4,Post,Experimental,FES,4,31
4,Post,Experimental,FES,5,32
4,Post,Experimental,FES,5,33
4,Post,Experimental,FES,5,34
4,Post,Experimental,SCS,5,1
4,Post,Experimental,SCS,5,2
4,Post,Experimental,SCS,5,3
4,Post,Experimental,SCS,5,4
4,Post,Experimental,SCS,5,5
4,Post,Experimental,SCS,4,6
4,Post,Experimental,SCS,5,7
4,Post,Experimental,FPPS,5,1
4,Post,Experimental,FPPS,5,2
4,Post,Experimental,FPPS,5,3
4,Post,Experimental,FPPS,4,4
4,Post,Experimental,FPPS,5,5
4,Post,Experimental,FPPS,5,6
4,Post,Experimental,FPPS,5,7
4,Post,Experimental,FPPS,5,8
4,Post,Experimental,FPPS,5,9
4,Post,Experimental,FPPS,5,10
4,Post,Experimental,FPPS,4,11
4,Post,Experimental,FPPS,5,12
4,Post,Experimental,FPPS,5,13
4,Post,Experimental,FPPS,5,14
4,Post,Experimental,FPPS,5,15
4,Post,Experimental,FPPS,5,16
4,Post,Experimental,FPPS,4,17
4,Post,Experimental,FPPS,5,18
4,Post,Experimental,SEAS,4,1
4,Post,Experimental,SEAS,4,2
4,Post,Experimental,SEAS,5,3
4,Post,Experimental,SEAS,5,4
4,Post,Experimental,SEAS,5,5
4,Post,Experimental,SEAS,5,6
4,Post,Experimental,SEAS,5,7
4,Post,Experimental,SEAS,5,8
4,Post,Experimental,SEAS,5,9
4,Post,Experimental,SEAS,5,10
5,Post,Experimental,FACES,4,1
5,Post,Experimental,FACES,4,2
5,Post,Experimental,FACES,4,3
5,Post,Experimental,FACES,4,4
5,Post,Experimental,FACES,4,5
5,Post,Experimental,FACES,4,6
5,Post,Experimental,FACES,4,7
5,Post,Experimental,AKS,4,1
5,Post,Experimental,AKS,2,2
5,Post,Experimental,AKS,1,3
5,Post,Experimental,AKS,5,4
5,Post,Experimental,AKS,1,5
5,Post,Experimental,AKS,4,6
5,Post,Experimental,AKS,1,7
5,Post,Experimental,AKS,5,8
5,Post,Experimental,AKS,1,9
5,Post,Experimental,AKS,1,10
5,Post,Experimental,AKS,1,11
5,Post,Experimental,AKS,4,12
5,Post,Experimental,AKS,5,13
5,Post,Experimental,AKS,1,14
5,Post,Experimental,AKS,1,15
5,Post,Experimental,AKS,3,16
5,Post,Experimental,AKS,4,17
5,Post,Experimental,AKS,1,18
5,Post,Experimental,AKS,2,19
5,Post,Experimental,AKS,3,20
5,Post,Experimental,AKS,2,21
5,Post,Experimental,FES,5,1
5,Post,Experimental,FES,4,2
5,Post,Experimental,FES,4,3
5,Post,Experimental,FES,4,4
5,Post,Experimental,FES,4,5
5,Post,Experimental,FES,4,6
5,Post,Experimental,FES,4,7
5,Post,Experimental,FES,3,8
5,Post,Experimental,FES,3,9
5,Post,Experimental,FES,4,10
5,Post,Experimental,FES,5,11
5,Post,Experimental,FES,5,12
5,Post,Experimental,FES,5,13
5,Post,Experimental,FES,4,14
5,Post,Experimental,FES,4,15
5,Post,Experimental,FES,4,16
5,Post,Experimental,FES,4,17
5,Post,Experimental,FES,4,18
5,Post,Experimental,FES,4,19
5,Post,Experimental,FES,3,20
5,Post,Experimental,FES,3,21
5,Post,Experimental,FES,3,22
5,Post,Experimental,FES,3,23
5,Post,Experimental,FES,3,24
5,Post,Experimental,FES,3,25
5,Post,Experimental,FES,3,26
5,Post,Experimental,FES,5,27
5,Post,Experimental,FES,5,28
5,Post,Experimental,FES,5,29
5,Post,Experimental,FES,4,30
5,Post,Experimental,FES,4,31
5,Post,Experimental,FES,3,32
5,Post,Experimental,FES,3,33
5,Post,Experimental,FES,4,34
5,Post,Experimental,SCS,3,1
5,Post,Experimental,SCS,3,2
5,Post,Experimental,SCS,3,3
5,Post,Experimental,SCS,3,4
5,Post,Experimental,SCS,4,5
5,Post,Experimental,SCS,4,6
5,Post,Experimental,SCS,4,7
5,Post,Experimental,FPPS,4,1
5,Post,Experimental,FPPS,5,2
5,Post,Experimental,FPPS,4,3
5,Post,Experimental,FPPS,4,4
5,Post,Experimental,FPPS,4,5
5,Post,Experimental,FPPS,4,6
5,Post,Experimental,FPPS,4,7
5,Post,Experimental,FPPS,4,8
5,Post,Experimental,FPPS,4,9
5,Post,Experimental,FPPS,4,10
5,Post,Experimental,FPPS,4,11
5,Post,Experimental,FPPS,4,12
5,Post,Experimental,FPPS,4,13
5,Post,Experimental,FPPS,4,14
5,Post,Experimental,FPPS,4,15
5,Post,Experimental,FPPS,4,16
5,Post,Experimental,FPPS,4,17
5,Post,Experimental,FPPS,4,18
5,Post,Experimental,SEAS,4,1
5,Post,Experimental,SEAS,4,2
5,Post,Experimental,SEAS,4,3
5,Post,Experimental,SEAS,4,4
5,Post,Experimental,SEAS,4,5
5,Post,Experimental,SEAS,4,6
5,Post,Experimental,SEAS,4,7
5,Post,Experimental,SEAS,4,8
5,Post,Experimental,SEAS,4,9
5,Post,Experimental,SEAS,4,10
6,Post,Experimental,FACES,4,1
6,Post,Experimental,FACES,4,2
6,Post,Experimental,FACES,5,3
6,Post,Experimental,FACES,5,4
6,Post,Experimental,FACES,4,5
6,Post,Experimental,FACES,5,6
6,Post,Experimental,FACES,5,7
6,Post,Experimental,AKS,5,1
6,Post,Experimental,AKS,1,2
6,Post,Experimental,AKS,1,3
6,Post,Experimental,AKS,4,4
6,Post,Experimental,AKS,1,5
6,Post,Experimental,AKS,5,6
6,Post,Experimental,AKS,2,7
6,Post,Experimental,AKS,5,8
6,Post,Experimental,AKS,1,9
6,Post,Experimental,AKS,2,10
6,Post,Experimental,AKS,1,11
6,Post,Experimental,AKS,3,12
6,Post,Experimental,AKS,4,13
6,Post,Experimental,AKS,1,14
6,Post,Experimental,AKS,4,15
6,Post,Experimental,AKS,3,16
6,Post,Experimental,AKS,4,17
6,Post,Experimental,AKS,3,18
6,Post,Experimental,AKS,5,19
6,Post,Experimental,AKS,4,20
6,Post,Experimental,AKS,3,21
6,Post,Experimental,FES,5,1
6,Post,Experimental,FES,4,2
6,Post,Experimental,FES,5,3
6,Post,Experimental,FES,5,4
6,Post,Experimental,FES,4,5
6,Post,Experimental,FES,5,6
6,Post,Experimental,FES,4,7
6,Post,Experimental,FES,1,8
6,Post,Experimental,FES,4,9
6,Post,Experimental,FES,3,10
6,Post,Experimental,FES,4,11
6,Post,Experimental,FES,4,12
6,Post,Experimental,FES,3,13
6,Post,Experimental,FES,4,14
6,Post,Experimental,FES,4,15
6,Post,Experimental,FES,4,16
6,Post,Experimental,FES,5,17
6,Post,Experimental,FES,5,18
6,Post,Experimental,FES,5,19
6,Post,Experimental,FES,4,20
6,Post,Experimental,FES,4,21
6,Post,Experimental,FES,3,22
6,Post,Experimental,FES,4,23
6,Post,Experimental,FES,4,24
6,Post,Experimental,FES,5,25
6,Post,Experimental,FES,3,26
6,Post,Experimental,FES,5,27
6,Post,Experimental,FES,5,28
6,Post,Experimental,FES,5,29
6,Post,Experimental,FES,4,30
6,Post,Experimental,FES,5,31
6,Post,Experimental,FES,5,32
6,Post,Experimental,FES,4,33
6,Post,Experimental,FES,4,34
8,Post,Experimental,FACES,1,1
8,Post,Experimental,FACES,1,2
8,Post,Experimental,FACES,1,3
8,Post,Experimental,FACES,3,4
8,Post,Experimental,FACES,3,5
8,Post,Experimental,FACES,4,6
8,Post,Experimental,FACES,5,7
8,Post,Experimental,AKS,5,1
8,Post,Experimental,AKS,1,2
8,Post,Experimental,AKS,1,3
8,Post,Experimental,AKS,5,4
8,Post,Experimental,AKS,1,5
8,Post,Experimental,AKS,2,6
8,Post,Experimental,AKS,1,7
8,Post,Experimental,AKS,4.666666666666667,8
8,Post,Experimental,AKS,3,9
8,Post,Experimental,AKS,3,10
8,Post,Experimental,AKS,3,11
8,Post,Experimental,AKS,3,12
8,Post,Experimental,AKS,5,13
8,Post,Experimental,AKS,1,14
8,Post,Experimental,AKS,5,15
8,Post,Experimental,AKS,1,16
8,Post,Experimental,AKS,5,17
8,Post,Experimental,AKS,1,18
8,Post,Experimental,AKS,4,19
8,Post,Experimental,AKS,3,20
8,Post,Experimental,AKS,5,21
8,Post,Experimental,FES,4,1
8,Post,Experimental,FES,4,2
8,Post,Experimental,FES,5,3
8,Post,Experimental,FES,5,4
8,Post,Experimental,FES,5,5
8,Post,Experimental,FES,5,6
8,Post,Experimental,FES,5,7
8,Post,Experimental,FES,4,8
8,Post,Experimental,FES,4.222222222222222,9
8,Post,Experimental,FES,3,10
8,Post,Experimental,FES,5,11
8,Post,Experimental,FES,4,12
8,Post,Experimental,FES,5,13
8,Post,Experimental,FES,5,14
8,Post,Experimental,FES,4,15
8,Post,Experimental,FES,5,16
8,Post,Experimental,FES,5,17
8,Post,Experimental,FES,5,18
8,Post,Experimental,FES,5,19
8,Post,Experimental,FES,4,20
8,Post,Experimental,FES,4,21
8,Post,Experimental,FES,5,22
8,Post,Experimental,FES,5,23
8,Post,Experimental,FES,5,24
8,Post,Experimental,FES,5,25
8,Post,Experimental,FES,1,26
8,Post,Experimental,FES,5,27
8,Post,Experimental,FES,5,28
8,Post,Experimental,FES,5,29
8,Post,Experimental,FES,4,30
8,Post,Experimental,FES,4,31
8,Post,Experimental,FES,5,32
8,Post,Experimental,FES,5,33
8,Post,Experimental,FES,5,34
9,Post,Experimental,FACES,5,1
9,Post,Experimental,FACES,5,2
9,Post,Experimental,FACES,5,3
9,Post,Experimental,FACES,5,4
9,Post,Experimental,FACES,5,5
9,Post,Experimental,FACES,5,6
9,Post,Experimental,FACES,5,7
9,Post,Experimental,AKS,5,1
9,Post,Experimental,AKS,1,2
9,Post,Experimental,AKS,1,3
9,Post,Experimental,AKS,5,4
9,Post,Experimental,AKS,5,5
9,Post,Experimental,AKS,4,6
9,Post,Experimental,AKS,1,7
9,Post,Experimental,AKS,5,8
9,Post,Experimental,AKS,1,9
9,Post,Experimental,AKS,1,10
9,Post,Experimental,AKS,1,11
9,Post,Experimental,AKS,5,12
9,Post,Experimental,AKS,5,13
9,Post,Experimental,AKS,1,14
9,Post,Experimental,AKS,3,15
9,Post,Experimental,AKS,1,16
9,Post,Experimental,AKS,5,17
9,Post,Experimental,AKS,1,18
9,Post,Experimental,AKS,1,19
9,Post,Experimental,AKS,5,20
9,Post,Experimental,AKS,1,21
9,Post,Experimental,FES,5,1
9,Post,Experimental,FES,5,2
9,Post,Experimental,FES,5,3
9,Post,Experimental,FES,5,4
9,Post,Experimental,FES,4,5
9,Post,Experimental,FES,5,6
9,Post,Experimental,FES,5,7
9,Post,Experimental,FES,3,8
9,Post,Experimental,FES,5,9
9,Post,Experimental,FES,4,10
9,Post,Experimental,FES,5,11
9,Post,Experimental,FES,5,12
9,Post,Experimental,FES,5,13
9,Post,Experimental,FES,5,14
9,Post,Experimental,FES,5,15
9,Post,Experimental,FES,5,16
9,Post,Experimental,FES,5,17
9,Post,Experimental,FES,5,18
9,Post,Experimental,FES,5,19
9,Post,Experimental,FES,5,20
9,Post,Experimental,FES,5,21
9,Post,Experimental,FES,5,22
9,Post,Experimental,FES,4,23
9,Post,Experimental,FES,3,24
9,Post,Experimental,FES,4,25
9,Post,Experimental,FES,5,26
9,Post,Experimental,FES,5,27
9,Post,Experimental,FES,5,28
9,Post,Experimental,FES,5,29
9,Post,Experimental,FES,5,30
9,Post,Experimental,FES,5,31
9,Post,Experimental,FES,5,32
9,Post,Experimental,FES,5,33
9,Post,Experimental,FES,5,34
9,Post,Experimental,SCS,4,1
9,Post,Experimental,SCS,4,2
9,Post,Experimental,SCS,4,3
9,Post,Experimental,SCS,4,4
9,Post,Experimental,SCS,4,5
9,Post,Experimental,SCS,1,6
9,Post,Experimental,SCS,3,7
9,Post,Experimental,FPPS,5,1
9,Post,Experimental,FPPS,5,2
9,Post,Experimental,FPPS,5,3
9,Post,Experimental,FPPS,5,4
9,Post,Experimental,FPPS,5,5
9,Post,Experimental,FPPS,5,6
9,Post,Experimental,FPPS,5,7
9,Post,Experimental,FPPS,5,8
9,Post,Experimental,FPPS,5,9
9,Post,Experimental,FPPS,5,10
9,Post,Experimental,FPPS,5,11
9,Post,Experimental,FPPS,5,12
9,Post,Experimental,FPPS,5,13
9,Post,Experimental,FPPS,5,14
9,Post,Experimental,FPPS,5,15
9,Post,Experimental,FPPS,5,16
9,Post,Experimental,FPPS,5,17
9,Post,Experimental,FPPS,5,18
9,Post,Experimental,SEAS,4,1
9,Post,Experimental,SEAS,4,2
9,Post,Experimental,SEAS,5,3
9,Post,Experimental,SEAS,5,4
9,Post,Experimental,SEAS,5,5
9,Post,Experimental,SEAS,5,6
9,Post,Experimental,SEAS,5,7
9,Post,Experimental,SEAS,4,8
9,Post,Experimental,SEAS,5,9
9,Post,Experimental,SEAS,5,10
11,Post,Experimental,FACES,4,1
11,Post,Experimental,FACES,4,2
11,Post,Experimental,FACES,4,3
11,Post,Experimental,FACES,4,4
11,Post,Experimental,FACES,5,5
11,Post,Experimental,FACES,5,6
11,Post,Experimental,FACES,5,7
11,Post,Experimental,AKS,4,1
11,Post,Experimental,AKS,1,2
11,Post,Experimental,AKS,1,3
11,Post,Experimental,AKS,5,4
11,Post,Experimental,AKS,1,5
11,Post,Experimental,AKS,5,6
11,Post,Experimental,AKS,2,7
11,Post,Experimental,AKS,5,8
11,Post,Experimental,AKS,1,9
11,Post,Experimental,AKS,1,10
11,Post,Experimental,AKS,4,11
11,Post,Experimental,AKS,4,12
11,Post,Experimental,AKS,3,13
11,Post,Experimental,AKS,1,14
11,Post,Experimental,AKS,4,15
11,Post,Experimental,AKS,3,16
11,Post,Experimental,AKS,4,17
11,Post,Experimental,AKS,1,18
11,Post,Experimental,AKS,1,19
11,Post,Experimental,AKS,4,20
11,Post,Experimental,AKS,3,21
11,Post,Experimental,FES,5,1
11,Post,Experimental,FES,4,2
11,Post,Experimental,FES,5,3
11,Post,Experimental,FES,5,4
11,Post,Experimental,FES,3,5
11,Post,Experimental,FES,5,6
11,Post,Experimental,FES,4,7
11,Post,Experimental,FES,2,8
11,Post,Experimental,FES,4,9
11,Post,Experimental,FES,3,10
11,Post,Experimental,FES,3,11
11,Post,Experimental,FES,4,12
11,Post,Experimental,FES,4,13
11,Post,Experimental,FES,3,14
11,Post,Experimental,FES,3,15
11,Post,Experimental,FES,5,16
11,Post,Experimental,FES,5,17
11,Post,Experimental,FES,3,18
11,Post,Experimental,FES,5,19
11,Post,Experimental,FES,2,20
11,Post,Experimental,FES,3,21
11,Post,Experimental,FES,2,22
11,Post,Experimental,FES,3,23
11,Post,Experimental,FES,3,24
11,Post,Experimental,FES,4,25
11,Post,Experimental,FES,4,26
11,Post,Experimental,FES,3,27
11,Post,Experimental,FES,3,28
11,Post,Experimental,FES,5,29
11,Post,Experimental,FES,3,30
11,Post,Experimental,FES,3,31
11,Post,Experimental,FES,3,32
11,Post,Experimental,FES,3,33
11,Post,Experimental,FES,5,34
11,Post,Experimental,SCS,2,1
11,Post,Experimental,SCS,4,2
11,Post,Experimental,SCS,2,3
11,Post,Experimental,SCS,2,4
11,Post,Experimental,SCS,4,5
11,Post,Experimental,SCS,1,6
11,Post,Experimental,SCS,4,7
11,Post,Experimental,FPPS,3,1
11,Post,Experimental,FPPS,4,2
11,Post,Experimental,FPPS,4,3
11,Post,Experimental,FPPS,3,4
11,Post,Experimental,FPPS,4,5
11,Post,Experimental,FPPS,2,6
11,Post,Experimental,FPPS,4,7
11,Post,Experimental,FPPS,3,8
11,Post,Experimental,FPPS,3,9
11,Post,Experimental,FPPS,3,10
11,Post,Experimental,FPPS,4,11
11,Post,Experimental,FPPS,4,12
11,Post,Experimental,FPPS,4,13
11,Post,Experimental,FPPS,4,14
11,Post,Experimental,FPPS,4,15
11,Post,Experimental,FPPS,3,16
11,Post,Experimental,FPPS,3,17
11,Post,Experimental,FPPS,4,18
11,Post,Experimental,SEAS,4,1
11,Post,Experimental,SEAS,4,2
11,Post,Experimental,SEAS,4,3
11,Post,Experimental,SEAS,4,4
11,Post,Experimental,SEAS,4,5
11,Post,Experimental,SEAS,4,6
11,Post,Experimental,SEAS,4,7
11,Post,Experimental,SEAS,3,8
11,Post,Experimental,SEAS,3,9
11,Post,Experimental,SEAS,4,10
12,Post,Experimental,FACES,5,1
12,Post,Experimental,FACES,5,2
12,Post,Experimental,FACES,5,3
12,Post,Experimental,FACES,5,4
12,Post,Experimental,FACES,5,5
12,Post,Experimental,FACES,5,6
12,Post,Experimental,FACES,5,7
12,Post,Experimental,AKS,5,1
12,Post,Experimental,AKS,4,2
12,Post,Experimental,AKS,1,3
12,Post,Experimental,AKS,3,4
12,Post,Experimental,AKS,1,5
12,Post,Experimental,AKS,5,6
12,Post,Experimental,AKS,1,7
12,Post,Experimental,AKS,2,8
12,Post,Experimental,AKS,1,9
12,Post,Experimental,AKS,1,10
12,Post,Experimental,AKS,1,11
12,Post,Experimental,AKS,1,12
12,Post,Experimental,AKS,5,13
12,Post,Experimental,AKS,5,14
12,Post,Experimental,AKS,1,15
12,Post,Experimental,AKS,1,16
12,Post,Experimental,AKS,4,17
12,Post,Experimental,AKS,1,18
12,Post,Experimental,AKS,4,19
12,Post,Experimental,AKS,5,20
12,Post,Experimental,AKS,4,21
12,Post,Experimental,FES,4,1
12,Post,Experimental,FES,5,2
12,Post,Experimental,FES,5,3
12,Post,Experimental,FES,5,4
12,Post,Experimental,FES,5,5
12,Post,Experimental,FES,5,6
12,Post,Experimental,FES,5,7
12,Post,Experimental,FES,1,8
12,Post,Experimental,FES,5,9
12,Post,Experimental,FES,4,10
12,Post,Experimental,FES,5,11
12,Post,Experimental,FES,5,12
12,Post,Experimental,FES,5,13
12,Post,Experimental,FES,4,14
12,Post,Experimental,FES,5,15
12,Post,Experimental,FES,5,16
12,Post,Experimental,FES,5,17
12,Post,Experimental,FES,5,18
12,Post,Experimental,FES,5,19
12,Post,Experimental,FES,5,20
12,Post,Experimental,FES,4,21
12,Post,Experimental,FES,4,22
12,Post,Experimental,FES,5,23
12,Post,Experimental,FES,4,24
12,Post,Experimental,FES,5,25
12,Post,Experimental,FES,5,26
12,Post,Experimental,FES,5,27
12,Post,Experimental,FES,5,28
12,Post,Experimental,FES,5,29
12,Post,Experimental,FES,5,30
12,Post,Experimental,FES,5,31
12,Post,Experimental,FES,5,32
12,Post,Experimental,FES,5,33
12,Post,Experimental,FES,5,34
12,Post,Experimental,SCS,5,1
12,Post,Experimental,SCS,5,2
12,Post,Experimental,SCS,5,3
12,Post,Experimental,SCS,5,4
12,Post,Experimental,SCS,5,5
12,Post,Experimental,SCS,4,6
12,Post,Experimental,SCS,5,7
12,Post,Experimental,FPPS,4,1
12,Post,Experimental,FPPS,4,2
12,Post,Experimental,FPPS,4,3
12,Post,Experimental,FPPS,4,4
12,Post,Experimental,FPPS,4,5
12,Post,Experimental,FPPS,2,6
12,Post,Experimental,FPPS,4,7
12,Post,Experimental,FPPS,3,8
12,Post,Experimental,FPPS,3,9
12,Post,Experimental,FPPS,3,10
12,Post,Experimental,FPPS,5,11
12,Post,Experimental,FPPS,5,12
12,Post,Experimental,FPPS,5,13
12,Post,Experimental,FPPS,4,14
12,Post,Experimental,FPPS,3,15
12,Post,Experimental,FPPS,3,16
12,Post,Experimental,FPPS,3,17
12,Post,Experimental,FPPS,4,18
12,Post,Experimental,SEAS,4,1
12,Post,Experimental,SEAS,4,2
12,Post,Experimental,SEAS,4,3
12,Post,Experimental,SEAS,4,4
12,Post,Experimental,SEAS,4,5
12,Post,Experimental,SEAS,4,6
12,Post,Experimental,SEAS,5,7
12,Post,Experimental,SEAS,3,8
12,Post,Experimental,SEAS,5,9
12,Post,Experimental,SEAS,3,10
13,Post,Control,FACES,4,1
13,Post,Control,FACES,5,2
13,Post,Control,FACES,5,3
13,Post,Control,FACES,5,4
13,Post,Control,FACES,5,5
13,Post,Control,FACES,4,6
13,Post,Control,FACES,5,7
13,Post,Control,AKS,4,1
13,Post,Control,AKS,1,2
13,Post,Control,AKS,1,3
13,Post,Control,AKS,5,4
13,Post,Control,AKS,1,5
13,Post,Control,AKS,4,6
13,Post,Control,AKS,1,7
13,Post,Control,AKS,4,8
13,Post,Control,AKS,1,9
13,Post,Control,AKS,1,10
13,Post,Control,AKS,2,11
13,Post,Control,AKS,4,12
13,Post,Control,AKS,4,13
13,Post,Control,AKS,4,14
13,Post,Control,AKS,4,15
13,Post,Control,AKS,1,16
13,Post,Control,AKS,3,17
13,Post,Control,AKS,3,18
13,Post,Control,AKS,2,19
13,Post,Control,AKS,4,20
13,Post,Control,AKS,4,21
13,Post,Control,FES,5,1
13,Post,Control,FES,4,2
13,Post,Control,FES,5,3
13,Post,Control,FES,5,4
13,Post,Control,FES,4,5
13,Post,Control,FES,5,6
13,Post,Control,FES,4,7
13,Post,Control,FES,3,8
13,Post,Control,FES,4,9
13,Post,Control,FES,4,10
13,Post,Control,FES,4,11
13,Post,Control,FES,5,12
13,Post,Control,FES,5,13
13,Post,Control,FES,3,14
13,Post,Control,FES,4,15
13,Post,Control,FES,5,16
13,Post,Control,FES,5,17
13,Post,Control,FES,5,18
13,Post,Control,FES,5,19
13,Post,Control,FES,3,20
13,Post,Control,FES,4,21
13,Post,Control,FES,3,22
13,Post,Control,FES,5,23
13,Post,Control,FES,4,24
13,Post,Control,FES,5,25
13,Post,Control,FES,5,26
13,Post,Control,FES,5,27
13,Post,Control,FES,5,28
13,Post,Control,FES,4,29
13,Post,Control,FES,4,30
13,Post,Control,FES,5,31
13,Post,Control,FES,5,32
13,Post,Control,FES,4,33
13,Post,Control,FES,4,34
13,Post,Control,SCS,4,1
13,Post,Control,SCS,3,2
13,Post,Control,SCS,4,3
13,Post,Control,SCS,3,4
13,Post,Control,SCS,5,5
13,Post,Control,SCS,4,6
13,Post,Control,SCS,4,7
13,Post,Control,FPPS,3,1
13,Post,Control,FPPS,4,2
13,Post,Control,FPPS,4,3
13,Post,Control,FPPS,3,4
13,Post,Control,FPPS,3,5
13,Post,Control,FPPS,4,6
13,Post,Control,FPPS,4,7
13,Post,Control,FPPS,4,8
13,Post,Control,FPPS,4,9
13,Post,Control,FPPS,4,10
13,Post,Control,FPPS,4,11
13,Post,Control,FPPS,3,12
13,Post,Control,FPPS,4,13
13,Post,Control,FPPS,4,14
13,Post,Control,FPPS,4,15
13,Post,Control,FPPS,4,16
13,Post,Control,FPPS,3,17
13,Post,Control,FPPS,4,18
13,Post,Control,SEAS,4,1
13,Post,Control,SEAS,4,2
13,Post,Control,SEAS,4,3
13,Post,Control,SEAS,4,4
13,Post,Control,SEAS,4,5
13,Post,Control,SEAS,5,6
13,Post,Control,SEAS,5,7
13,Post,Control,SEAS,5,8
13,Post,Control,SEAS,5,9
13,Post,Control,SEAS,5,10
14,Post,Control,FACES,5,1
14,Post,Control,FACES,5,2
14,Post,Control,FACES,5,3
14,Post,Control,FACES,5,4
14,Post,Control,FACES,4,5
14,Post,Control,FACES,4,6
14,Post,Control,FACES,3.8,7
14,Post,Control,AKS,5,1
14,Post,Control,AKS,1,2
14,Post,Control,AKS,1,3
14,Post,Control,AKS,5,4
14,Post,Control,AKS,1,5
14,Post,Control,AKS,4,6
14,Post,Control,AKS,1,7
14,Post,Control,AKS,5,8
14,Post,Control,AKS,1,9
14,Post,Control,AKS,3,10
14,Post,Control,AKS,1,11
14,Post,Control,AKS,4,12
14,Post,Control,AKS,5,13
14,Post,Control,AKS,4,14
14,Post,Control,AKS,2,15
14,Post,Control,AKS,2,16
14,Post,Control,AKS,4,17
14,Post,Control,AKS,1,18
14,Post,Control,AKS,1,19
14,Post,Control,AKS,3,20
14,Post,Control,AKS,3,21
14,Post,Control,FES,5,1
14,Post,Control,FES,4,2
14,Post,Control,FES,5,3
14,Post,Control,FES,5,4
14,Post,Control,FES,5,5
14,Post,Control,FES,5,6
14,Post,Control,FES,5,7
14,Post,Control,FES,2,8
14,Post,Control,FES,5,9
14,Post,Control,FES,5,10
14,Post,Control,FES,5,11
14,Post,Control,FES,5,12
14,Post,Control,FES,5,13
14,Post,Control,FES,5,14
14,Post,Control,FES,5,15
14,Post,Control,FES,5,16
14,Post,Control,FES,5,17
14,Post,Control,FES,5,18
14,Post,Control,FES,5,19
14,Post,Control,FES,5,20
14,Post,Control,FES,5,21
14,Post,Control,FES,5,22
14,Post,Control,FES,5,23
14,Post,Control,FES,4,24
14,Post,Control,FES,5,25
14,Post,Control,FES,4,26
14,Post,Control,FES,5,27
14,Post,Control,FES,5,28
14,Post,Control,FES,5,29
14,Post,Control,FES,5,30
14,Post,Control,FES,5,31
14,Post,Control,FES,4,32
14,Post,Control,FES,5,33
14,Post,Control,FES,5,34
14,Post,Control,SCS,5,1
14,Post,Control,SCS,5,2
14,Post,Control,SCS,5,3
14,Post,Control,SCS,4,4
14,Post,Control,SCS,5,5
14,Post,Control,SCS,2,6
14,Post,Control,SCS,3,7
14,Post,Control,FPPS,2,1
14,Post,Control,FPPS,3,2
14,Post,Control,FPPS,2,3
14,Post,Control,FPPS,3,4
14,Post,Control,FPPS,2,5
14,Post,Control,FPPS,3,6
14,Post,Control,FPPS,4,7
14,Post,Control,FPPS,2,8
14,Post,Control,FPPS,2,9
14,Post,Control,FPPS,2,10
14,Post,Control,FPPS,3,11
14,Post,Control,FPPS,4,12
14,Post,Control,FPPS,3,13
14,Post,Control,FPPS,3,14
14,Post,Control,FPPS,3,15
14,Post,Control,FPPS,2,16
14,Post,Control,FPPS,2,17
14,Post,Control,FPPS,4,18
14,Post,Control,SEAS,4,1
14,Post,Control,SEAS,4,2
14,Post,Control,SEAS,4,3
14,Post,Control,SEAS,5,4
14,Post,Control,SEAS,5,5
14,Post,Control,SEAS,4,6
14,Post,Control,SEAS,5,7
14,Post,Control,SEAS,3,8
14,Post,Control,SEAS,5,9
14,Post,Control,SEAS,5,10
15,Post,Control,FACES,2,1
15,Post,Control,FACES,4,2
15,Post,Control,FACES,4,3
15,Post,Control,FACES,4,4
15,Post,Control,FACES,3,5
15,Post,Control,FACES,4,6
15,Post,Control,FACES,4,7
15,Post,Control,AKS,4,1
15,Post,Control,AKS,1,2
15,Post,Control,AKS,1,3
15,Post,Control,AKS,5,4
15,Post,Control,AKS,1,5
15,Post,Control,AKS,4,6
15,Post,Control,AKS,3,7
15,Post,Control,AKS,4,8
15,Post,Control,AKS,1,9
15,Post,Control,AKS,1,10
15,Post,Control,AKS,1,11
15,Post,Control,AKS,5,12
15,Post,Control,AKS,3,13
15,Post,Control,AKS,1,14
15,Post,Control,AKS,3,15
15,Post,Control,AKS,3,16
15,Post,Control,AKS,3,17
15,Post,Control,AKS,3,18
15,Post,Control,AKS,3,19
15,Post,Control,AKS,4,20
15,Post,Control,AKS,4,21
15,Post,Control,FES,5,1
15,Post,Control,FES,4,2
15,Post,Control,FES,4,3
15,Post,Control,FES,4,4
15,Post,Control,FES,2,5
15,Post,Control,FES,4,6
15,Post,Control,FES,4,7
15,Post,Control,FES,1,8
15,Post,Control,FES,3,9
15,Post,Control,FES,1,10
15,Post,Control,FES,3,11
15,Post,Control,FES,4,12
15,Post,Control,FES,3,13
15,Post,Control,FES,3,14
15,Post,Control,FES,3,15
15,Post,Control,FES,3,16
15,Post,Control,FES,3,17
15,Post,Control,FES,5,18
15,Post,Control,FES,4,19
15,Post,Control,FES,3,20
15,Post,Control,FES,3,21
15,Post,Control,FES,1,22
15,Post,Control,FES,3,23
15,Post,Control,FES,3,24
15,Post,Control,FES,5,25
15,Post,Control,FES,3,26
15,Post,Control,FES,5,27
15,Post,Control,FES,5,28
15,Post,Control,FES,4,29
15,Post,Control,FES,3,30
15,Post,Control,FES,3,31
15,Post,Control,FES,4,32
15,Post,Control,FES,3,33
15,Post,Control,FES,5,34
15,Post,Control,SCS,5,1
15,Post,Control,SCS,5,2
15,Post,Control,SCS,5,3
15,Post,Control,SCS,5,4
15,Post,Control,SCS,5,5
15,Post,Control,SCS,5,6
15,Post,Control,SCS,5,7
15,Post,Control,FPPS,2,1
15,Post,Control,FPPS,1,2
15,Post,Control,FPPS,1,3
15,Post,Control,FPPS,5,4
15,Post,Control,FPPS,5,5
15,Post,Control,FPPS,3,6
15,Post,Control,FPPS,4,7
15,Post,Control,FPPS,2,8
15,Post,Control,FPPS,3,9
15,Post,Control,FPPS,3,10
15,Post,Control,FPPS,3,11
15,Post,Control,FPPS,3,12
15,Post,Control,FPPS,4,13
15,Post,Control,FPPS,4,14
15,Post,Control,FPPS,3,15
15,Post,Control,FPPS,3,16
15,Post,Control,FPPS,3,17
15,Post,Control,FPPS,4,18
15,Post,Control,SEAS,1,1
15,Post,Control,SEAS,2,2
15,Post,Control,SEAS,2,3
15,Post,Control,SEAS,2,4
15,Post,Control,SEAS,2,5
15,Post,Control,SEAS,4,6
15,Post,Control,SEAS,3,7
15,Post,Control,SEAS,3,8
15,Post,Control,SEAS,3,9
15,Post,Control,SEAS,3,10
17,Post,Control,FACES,2,1
17,Post,Control,FACES,4,2
17,Post,Control,FACES,2,3
17,Post,Control,FACES,4,4
17,Post,Control,FACES,4,5
17,Post,Control,FACES,4,6
17,Post,Control,FACES,3,7
17,Post,Control,AKS,4,1
17,Post,Control,AKS,2,2
17,Post,Control,AKS,2,3
17,Post,Control,AKS,5,4
17,Post,Control,AKS,1,5
17,Post,Control,AKS,2,6
17,Post,Control,AKS,2,7
17,Post,Control,AKS,4,8
17,Post,Control,AKS,2,9
17,Post,Control,AKS,1,10
17,Post,Control,AKS,2,11
17,Post,Control,AKS,4,12
17,Post,Control,AKS,4,13
17,Post,Control,AKS,1,14
17,Post,Control,AKS,4,15
17,Post,Control,AKS,1,16
17,Post,Control,AKS,4,17
17,Post,Control,AKS,3,18
17,Post,Control,AKS,4,19
17,Post,Control,AKS,4,20
17,Post,Control,AKS,4,21
17,Post,Control,FES,5,1
17,Post,Control,FES,4,2
17,Post,Control,FES,4,3
17,Post,Control,FES,4,4
17,Post,Control,FES,2,5
17,Post,Control,FES,3,6
17,Post,Control,FES,2,7
17,Post,Control,FES,1,8
17,Post,Control,FES,3,9
17,Post,Control,FES,2,10
17,Post,Control,FES,3,11
17,Post,Control,FES,4,12
17,Post,Control,FES,3,13
17,Post,Control,FES,3,14
17,Post,Control,FES,2,15
17,Post,Control,FES,3,16
17,Post,Control,FES,2,17
17,Post,Control,FES,4,18
17,Post,Control,FES,3,19
17,Post,Control,FES,2,20
17,Post,Control,FES,4,21
17,Post,Control,FES,1,22
17,Post,Control,FES,3,23
17,Post,Control,FES,3,24
17,Post,Control,FES,3,25
17,Post,Control,FES,3,26
17,Post,Control,FES,2,27
17,Post,Control,FES,2,28
17,Post,Control,FES,3,29
17,Post,Control,FES,3,30
17,Post,Control,FES,4,31
17,Post,Control,FES,4,32
17,Post,Control,FES,4,33
17,Post,Control,FES,4,34
17,Post,Control,SCS,2,1
17,Post,Control,SCS,2,2
17,Post,Control,SCS,2,3
17,Post,Control,SCS,2,4
17,Post,Control,SCS,5,5
17,Post,Control,SCS,1,6
17,Post,Control,SCS,2,7
17,Post,Control,FPPS,4,1
17,Post,Control,FPPS,4,2
17,Post,Control,FPPS,4,3
17,Post,Control,FPPS,4,4
17,Post,Control,FPPS,4,5
17,Post,Control,FPPS,4,6
17,Post,Control,FPPS,4,7
17,Post,Control,FPPS,4,8
17,Post,Control,FPPS,4,9
17,Post,Control,FPPS,4,10
17,Post,Control,FPPS,5,11
17,Post,Control,FPPS,4,12
17,Post,Control,FPPS,5,13
17,Post,Control,FPPS,5,14
17,Post,Control,FPPS,3,15
17,Post,Control,FPPS,4,16
17,Post,Control,FPPS,4,17
17,Post,Control,FPPS,4,18
17,Post,Control,SEAS,2,1
17,Post,Control,SEAS,2,2
17,Post,Control,SEAS,2,3
17,Post,Control,SEAS,2,4
17,Post,Control,SEAS,3,5
17,Post,Control,SEAS,4,6
17,Post,Control,SEAS,3,7
17,Post,Control,SEAS,4,8
17,Post,Control,SEAS,4,9
17,Post,Control,SEAS,2,10
18,Post,Control,FACES,2,1
18,Post,Control,FACES,1,2
18,Post,Control,FACES,2,3
18,Post,Control,FACES,2,4
18,Post,Control,FACES,2,5
18,Post,Control,FACES,2,6
18,Post,Control,FACES,3,7
18,Post,Control,AKS,5,1
18,Post,Control,AKS,1,2
18,Post,Control,AKS,1,3
18,Post,Control,AKS,5,4
18,Post,Control,AKS,1,5
18,Post,Control,AKS,3,6
18,Post,Control,AKS,3,7
18,Post,Control,AKS,5,8
18,Post,Control,AKS,1,9
18,Post,Control,AKS,3,10
18,Post,Control,AKS,1,11
18,Post,Control,AKS,4,12
18,Post,Control,AKS,3,13
18,Post,Control,AKS,1,14
18,Post,Control,AKS,4,15
18,Post,Control,AKS,1,16
18,Post,Control,AKS,3,17
18,Post,Control,AKS,1,18
18,Post,Control,AKS,3,19
18,Post,Control,AKS,3,20
18,Post,Control,AKS,3,21
18,Post,Control,FES,5,1
18,Post,Control,FES,3,2
18,Post,Control,FES,5,3
18,Post,Control,FES,4,4
18,Post,Control,FES,2,5
18,Post,Control,FES,3,6
18,Post,Control,FES,3,7
18,Post,Control,FES,1,8
18,Post,Control,FES,1,9
18,Post,Control,FES,1,10
18,Post,Control,FES,3,11
18,Post,Control,FES,3,12
18,Post,Control,FES,3,13
18,Post,Control,FES,3,14
18,Post,Control,FES,3,15
18,Post,Control,FES,3,16
18,Post,Control,FES,4,17
18,Post,Control,FES,5,18
18,Post,Control,FES,3,19
18,Post,Control,FES,2,20
18,Post,Control,FES,3,21
18,Post,Control,FES,2,22
18,Post,Control,FES,3,23
18,Post,Control,FES,2,24
18,Post,Control,FES,3,25
18,Post,Control,FES,1,26
18,Post,Control,FES,3,27
18,Post,Control,FES,3,28
18,Post,Control,FES,3,29
18,Post,Control,FES,2,30
18,Post,Control,FES,3,31
18,Post,Control,FES,4,32
18,Post,Control,FES,3,33
18,Post,Control,FES,2,34
18,Post,Control,SEAS,2,1
18,Post,Control,SEAS,2,2
18,Post,Control,SEAS,3,3
18,Post,Control,SEAS,3,4
18,Post,Control,SEAS,3,5
18,Post,Control,SEAS,4,6
18,Post,Control,SEAS,2,7
18,Post,Control,SEAS,3,8
18,Post,Control,SEAS,3,9
18,Post,Control,SEAS,2,10
19,Post,Control,FACES,5,1
19,Post,Control,FACES,3.8,2
19,Post,Control,FACES,4,3
19,Post,Control,FACES,3,4
19,Post,Control,FACES,3,5
19,Post,Control,FACES,4,6
19,Post,Control,FACES,4,7
19,Post,Control,AKS,5,1
19,Post,Control,AKS,2,2
19,Post,Control,AKS,1,3
19,Post,Control,AKS,5,4
19,Post,Control,AKS,1,5
19,Post,Control,AKS,4,6
19,Post,Control,AKS,1,7
19,Post,Control,AKS,4,8
19,Post,Control,AKS,1,9
19,Post,Control,AKS,1,10
19,Post,Control,AKS,2,11
19,Post,Control,AKS,4,12
19,Post,Control,AKS,5,13
19,Post,Control,AKS,3,14
19,Post,Control,AKS,1,15
19,Post,Control,AKS,1,16
19,Post,Control,AKS,4,17
19,Post,Control,AKS,1,18
19,Post,Control,AKS,1,19
19,Post,Control,AKS,4,20
19,Post,Control,AKS,5,21
19,Post,Control,FES,5,1
19,Post,Control,FES,4,2
19,Post,Control,FES,4,3
19,Post,Control,FES,5,4
19,Post,Control,FES,5,5
19,Post,Control,FES,5,6
19,Post,Control,FES,4,7
19,Post,Control,FES,4,8
19,Post,Control,FES,4,9
19,Post,Control,FES,5,10
19,Post,Control,FES,4,11
19,Post,Control,FES,5,12
19,Post,Control,FES,5,13
19,Post,Control,FES,5,14
19,Post,Control,FES,5,15
19,Post,Control,FES,4,16
19,Post,Control,FES,4,17
19,Post,Control,FES,5,18
19,Post,Control,FES,5,19
19,Post,Control,FES,4,20
19,Post,Control,FES,4,21
19,Post,Control,FES,3,22
19,Post,Control,FES,4,23
19,Post,Control,FES,5,24
19,Post,Control,FES,5,25
19,Post,Control,FES,4,26
19,Post,Control,FES,5,27
19,Post,Control,FES,5,28
19,Post,Control,FES,5,29
19,Post,Control,FES,5,30
19,Post,Control,FES,4,31
19,Post,Control,FES,5,32
19,Post,Control,FES,5,33
19,Post,Control,FES,5,34
19,Post,Control,SEAS,5,1
19,Post,Control,SEAS,5,2
19,Post,Control,SEAS,5,3
19,Post,Control,SEAS,5,4
19,Post,Control,SEAS,5,5
19,Post,Control,SEAS,5,6
19,Post,Control,SEAS,4,7
19,Post,Control,SEAS,4,8
19,Post,Control,SEAS,5,9
19,Post,Control,SEAS,4,10
